Название,Автор,Обложка,Статус,Дата добавления,Жанр,Комментарий,Связь - Книги,Ссылка,Темы
Бегущий в Лабиринте. Тотальная угроза,Джеймс Дэшнер,https://cv2.litres.ru/pub/c/elektronnaya-kniga/cover_415/8271421-dzheyms-deshner-totalnaya-ugroza.jpg,Прочитано,"September 27, 2022 1:02 PM",Развлекательная литература,"Очень хорошая книга, описывающая на первый взгляд очевидные моменты взаимоотношений. Позволяет понять потребности партнера и понять свои. Мои мысли в https://www.notion.so/36de0a5a006b4a728ac62f64d3d97f65.",,https://www.litres.ru/dzheyms-deshner/totalnaya-ugroza/,
Пять языков любви,Гэри Чепмен,https://cv7.litres.ru/pub/c/elektronnaya-kniga/cover_415/161177-geri-chepmen-pyat-yazykov-lubvi.jpg,Прочитано,"September 27, 2022 1:03 PM",Книги по саморазвитию,Одна из лучших книг для понимания своего партнера. Выписал много информации.,,https://www.litres.ru/geri-chepmen/pyat-yazykov-lubvi/,
Пикник на обочине,Аркадий и Борис Стругацкие,https://cv8.litres.ru/pub/c/elektronnaya-kniga/cover_330/23467386-arkadiy-i-boris-strugackie-piknik-na-obochine-23467386.jpg,Прочитано,"September 27, 2022 1:04 PM",Развлекательная литература,,,https://www.litres.ru/arkadiy-i-boris-strugackie/piknik-na-obochine-23467386/,
Стальной Крыса (серия),Гарри Гаррисон,https://cv0.litres.ru/pub/c/elektronnaya-kniga/cover_415/144001-garri-garrison-rozhdenie-stalnoy-krysy.jpg,Читаю,"September 27, 2022 1:18 PM",Развлекательная литература,,,https://www.litres.ru/garri-garrison/rozhdenie-stalnoy-krysy/,
Системная и программная инженерия. Словарь-справочник,В. К. Батоврин,https://cv0.litres.ru/pub/c/pdf-kniga/cover_415/22072509-viktor-batovrin-sistemnaya-i-programmnaya-inzheneriya-slovar-spravochnik-22072509.jpg,В планах,"September 27, 2022 3:22 PM",Книги для работы,,,https://www.litres.ru/viktor-batovrin/sistemnaya-i-programmnaya-inzheneriya-slovar-spravochnik-22072509/,../%D0%A0%D0%B0%D0%B7%D0%BE%D0%B1%D1%80%D0%B0%D1%82%D1%8C%20b61dfa08fdee427ab56a1d539555a5f4/%D0%A2%D0%B0%D0%B1%D0%BB%D0%B8%D1%86%D0%B0%20%E2%80%9C%D0%A2%D0%B5%D0%BC%D1%8B%E2%80%9D%205261d8ac365a4baa890082f78175e751/%D0%A1%D0%B8%D1%81%D1%82%D0%B5%D0%BC%D0%BD%D1%8B%D0%B8%CC%86%20%D0%B0%D0%BD%D0%B0%D0%BB%D0%B8%D0%B7%20ae200d94ea88489f8e0a0675bbb363f5.csv
"Бизнес-процессы. Моделирование, внедрение, управление",Владимир Репин,https://cv5.litres.ru/pub/c/elektronnaya-kniga/cover_415/4500556-vladimir-repin-biznes-processy-modelirovanie-vnedrenie-upravlenie.jpg,В планах,"September 27, 2022 3:23 PM",Книги для работы,,,https://www.litres.ru/vladimir-repin/biznes-processy-modelirovanie-vnedrenie-upravlenie/,../%D0%A0%D0%B0%D0%B7%D0%BE%D0%B1%D1%80%D0%B0%D1%82%D1%8C%20b61dfa08fdee427ab56a1d539555a5f4/%D0%A2%D0%B0%D0%B1%D0%BB%D0%B8%D1%86%D0%B0%20%E2%80%9C%D0%A2%D0%B5%D0%BC%D1%8B%E2%80%9D%205261d8ac365a4baa890082f78175e751/%D0%A1%D0%B8%D1%81%D1%82%D0%B5%D0%BC%D0%BD%D1%8B%D0%B8%CC%86%20%D0%B0%D0%BD%D0%B0%D0%BB%D0%B8%D0%B7%20ae200d94ea88489f8e0a0675bbb363f5.csv
"Бизнес-процессы. Как их описать, отладить и внедрить. Практикум",Михаил Рыбаков,https://cv5.litres.ru/pub/c/elektronnaya-kniga/cover_415/22098451-mihail-rybakov-biznes-processy-kak-ih-opisat-otladit-i-vnedrit-praktikum.jpg,В планах,"September 27, 2022 3:24 PM",Книги для работы,,,https://www.litres.ru/mihail-rybakov/biznes-processy-kak-ih-opisat-otladit-i-vnedrit-praktikum/otzivi/,../%D0%A0%D0%B0%D0%B7%D0%BE%D0%B1%D1%80%D0%B0%D1%82%D1%8C%20b61dfa08fdee427ab56a1d539555a5f4/%D0%A2%D0%B0%D0%B1%D0%BB%D0%B8%D1%86%D0%B0%20%E2%80%9C%D0%A2%D0%B5%D0%BC%D1%8B%E2%80%9D%205261d8ac365a4baa890082f78175e751/%D0%A1%D0%B8%D1%81%D1%82%D0%B5%D0%BC%D0%BD%D1%8B%D0%B8%CC%86%20%D0%B0%D0%BD%D0%B0%D0%BB%D0%B8%D0%B7%20ae200d94ea88489f8e0a0675bbb363f5.csv
Как навести порядок в своем бизнесе. Как построить надежную систему из ненадежных элементов. Практикум,Михаил Рыбаков,https://cv9.litres.ru/pub/c/elektronnaya-kniga/cover_415/21587992-mihail-rybakov-kak-navesti-poryadok-v-svoem-biznese-kak-postroit-nadezhnuu.jpg,В планах,"September 27, 2022 3:24 PM",Книги для работы,,,https://www.litres.ru/mihail-rybakov/kak-navesti-poryadok-v-svoem-biznese-kak-postroit-nadezhnuu/,../%D0%A0%D0%B0%D0%B7%D0%BE%D0%B1%D1%80%D0%B0%D1%82%D1%8C%20b61dfa08fdee427ab56a1d539555a5f4/%D0%A2%D0%B0%D0%B1%D0%BB%D0%B8%D1%86%D0%B0%20%E2%80%9C%D0%A2%D0%B5%D0%BC%D1%8B%E2%80%9D%205261d8ac365a4baa890082f78175e751/%D0%A1%D0%B8%D1%81%D1%82%D0%B5%D0%BC%D0%BD%D1%8B%D0%B8%CC%86%20%D0%B0%D0%BD%D0%B0%D0%BB%D0%B8%D0%B7%20ae200d94ea88489f8e0a0675bbb363f5.csv
Учитесь видеть бизнес-процессы. Построение карт потоков создания ценности,Майк Ротер,https://cv2.litres.ru/pub/c/elektronnaya-kniga/cover_415/16898027-dzhon-shuk-uchites-videt-biznes-processy-postroenie-kart-potokov-sozdaniya-cennosti.jpg,В планах,"September 27, 2022 3:24 PM",Книги для работы,,,https://www.litres.ru/dzhon-shuk/uchites-videt-biznes-processy-postroenie-kart-potokov-sozdaniya-cennosti/,../%D0%A0%D0%B0%D0%B7%D0%BE%D0%B1%D1%80%D0%B0%D1%82%D1%8C%20b61dfa08fdee427ab56a1d539555a5f4/%D0%A2%D0%B0%D0%B1%D0%BB%D0%B8%D1%86%D0%B0%20%E2%80%9C%D0%A2%D0%B5%D0%BC%D1%8B%E2%80%9D%205261d8ac365a4baa890082f78175e751/%D0%A1%D0%B8%D1%81%D1%82%D0%B5%D0%BC%D0%BD%D1%8B%D0%B8%CC%86%20%D0%B0%D0%BD%D0%B0%D0%BB%D0%B8%D0%B7%20ae200d94ea88489f8e0a0675bbb363f5.csv
Искусство системного мышления. Необходимые знания о системах и творческом подходе к решению проблем,Джозеф О'Коннор,https://cv1.litres.ru/pub/c/elektronnaya-kniga/cover_415/7394814-dzhozef-o-konnor-3-iskusstvo-sistemnogo-myshleniya-neobhodimye-znaniya-o-s.jpg,В планах,"September 27, 2022 3:24 PM",Книги для работы,,,https://www.litres.ru/dzhozef-o-konnor-3/iskusstvo-sistemnogo-myshleniya-neobhodimye-znaniya-o-s/,../%D0%A0%D0%B0%D0%B7%D0%BE%D0%B1%D1%80%D0%B0%D1%82%D1%8C%20b61dfa08fdee427ab56a1d539555a5f4/%D0%A2%D0%B0%D0%B1%D0%BB%D0%B8%D1%86%D0%B0%20%E2%80%9C%D0%A2%D0%B5%D0%BC%D1%8B%E2%80%9D%205261d8ac365a4baa890082f78175e751/%D0%A1%D0%B8%D1%81%D1%82%D0%B5%D0%BC%D0%BD%D1%8B%D0%B8%CC%86%20%D0%B0%D0%BD%D0%B0%D0%BB%D0%B8%D0%B7%20ae200d94ea88489f8e0a0675bbb363f5.csv
Анафем,Нил Стивенсон,https://s1.livelib.ru/boocover/1000498718/200x305/2f8b/boocover.jpg,В планах,"September 27, 2022 3:31 PM",Развлекательная литература,,,https://www.livelib.ru/book/1000498718-anafem-nil-stivenson,
Иные песни,Яцек Дукай,https://cv8.litres.ru/pub/c/elektronnaya-kniga/cover_415/6700182-yacek-dukay-inye-pesni.jpg,В планах,"September 27, 2022 3:35 PM",Развлекательная литература,,,https://www.litres.ru/yacek-dukay/inye-pesni/,
Идеальное несовершенство,Яцек Дукай,https://cv5.litres.ru/pub/c/elektronnaya-kniga/cover_415/42133055-yacek-dukay-idealnoe-nesovershenstvo.jpg,В планах,"September 27, 2022 3:36 PM",Развлекательная литература,,,https://www.litres.ru/yacek-dukay/idealnoe-nesovershenstvo/,
Всесожжение,Цезарий Збешховский,https://cv0.litres.ru/pub/c/elektronnaya-kniga/cover_415/42666906-cezariy-zbeshhovskiy-vsesozhzhenie.jpg,В планах,"September 27, 2022 3:36 PM",Развлекательная литература,,,https://www.litres.ru/cezariy-zbeshhovskiy/vsesozhzhenie/,
Видоизмененный углерод: Сломленные ангелы,Ричард Морган,https://cv7.litres.ru/pub/c/elektronnaya-kniga/cover_415/34395976-richard-morgan-2-vidoizmenennyy-uglerod-slomlennye-angely.jpg,В планах,"September 27, 2022 3:36 PM",Развлекательная литература,,,https://www.litres.ru/richard-morgan-2/vidoizmenennyy-uglerod-slomlennye-angely/,
Ложная слепота (сборник),Питер Уоттс,https://cv7.litres.ru/pub/c/elektronnaya-kniga/cover_415/17040677-piter-uotts-lozhnaya-slepota.jpg,В планах,"September 27, 2022 3:37 PM",Развлекательная литература,,,https://www.litres.ru/piter-uotts/lozhnaya-slepota/,
Исчезнувший мир,Том Светерлич,https://cv5.litres.ru/pub/c/elektronnaya-kniga/cover_415/40002452-tom-sveterlich-ischeznuvshiy-mir.jpg,В планах,"September 27, 2022 3:37 PM",Развлекательная литература,,,https://www.litres.ru/tom-sveterlich/ischeznuvshiy-mir/,
Грокаем алгоритмы. Иллюстрированное пособие для программистов и любопытствующих,Адитья Бхаргава,https://cv8.litres.ru/pub/c/pdf-kniga/cover_415/39158380-aditya-bhargava-grokaem-algoritmy-illustrirovannoe-posobie-dlya-p-39158380.jpg,В планах,"September 27, 2022 3:41 PM",Развлекательная литература,,,https://www.litres.ru/aditya-bhargava/grokaem-algoritmy-illustrirovannoe-posobie-dlya-p-39158380/,
Мексиканец,Джек Лондон,https://i.livelib.ru/workpic/1000438781/200x305/a53b/Dzhek_London__Meksikanets.jpg,В планах,"September 27, 2022 3:42 PM",Развлекательная литература,,,https://www.livelib.ru/work/1000438781-meksikanets-dzhek-london,
Дальнейшие приключения Робинзона Крузо,Даниэль Дефо,https://cv3.litres.ru/pub/c/elektronnaya-kniga/cover_330/136432-daniel-defo-dalneyshie-priklucheniya-robinzona-kruzo.jpg,В планах,"September 28, 2022 1:53 AM",Развлекательная литература,,,https://www.litres.ru/daniel-defo/dalneyshie-priklucheniya-robinzona-kruzo/,
Последнее желание,Анджей Сапковский,https://cv2.litres.ru/pub/c/elektronnaya-kniga/cover_415/19487529-andzhey-sapkovskiy-poslednee-zhelanie.jpg,В планах,"September 28, 2022 1:53 AM",Развлекательная литература,,,https://www.litres.ru/andzhey-sapkovskiy/poslednee-zhelanie/,
Собака Баскервилей,Артур Конан Дойл,https://cv8.litres.ru/pub/c/elektronnaya-kniga/cover_330/8521287-arthur-konan-doyle-sobaka-baskerviley-8521287.jpg,В планах,"September 28, 2022 1:54 AM",Развлекательная литература,,,https://www.litres.ru/arthur-konan-doyle/sobaka-baskerviley-8521287/,
Хроника Убийцы Короля. День второй. Страхи мудреца. Том 1,Патрик Ротфусс,https://cv5.litres.ru/pub/c/elektronnaya-kniga/cover_415/39474752-patrik-rotfuss-hronika-ubiycy-korolya-den-vtoroy-strahi-mudreca-tom-1.jpg,В планах,"September 28, 2022 1:54 AM",Развлекательная литература,,,https://www.litres.ru/patrik-rotfuss/hronika-ubiycy-korolya-den-vtoroy-strahi-mudreca-tom-1/,
Золотые костры,Алексей Пехов,https://cv3.litres.ru/pub/c/elektronnaya-kniga/cover_415/4606230-aleksey-pehov-zolotye-kostry.jpg,В планах,"September 28, 2022 1:55 AM",Развлекательная литература,,,https://www.litres.ru/aleksey-pehov/zolotye-kostry/,
Проклятый горн,Алексей Пехов,https://cv1.litres.ru/pub/c/elektronnaya-kniga/cover_415/6721117-aleksey-pehov-proklyatyy-gorn.jpg,В планах,"September 28, 2022 1:55 AM",Развлекательная литература,,,https://www.litres.ru/aleksey-pehov/proklyatyy-gorn/,
Избранное,Эдуард Асадов,https://cv9.litres.ru/pub/c/elektronnaya-kniga/cover_415/132592-eduard-asadov-izbrannoe.jpg,В планах,"September 28, 2022 1:55 AM",Развлекательная литература,,,https://www.litres.ru/eduard-asadov/izbrannoe/,
Отверженные,Виктор Мари Гюго,https://cv4.litres.ru/pub/c/elektronnaya-kniga/cover_415/129942-viktor-mari-gugo-otverzhennye.jpg,В планах,"September 28, 2022 1:56 AM",Развлекательная литература,,,https://www.litres.ru/viktor-mari-gugo/otverzhennye/,
Этюд в багровых тонах (спектакль),Артур Конан Дойл,https://cv9.litres.ru/pub/c/audiokniga/cover_415/5311697-arthur-konan-doyle-etud-v-bagrovyh-tonah-spektakl-5311697.jpg,В планах,"September 28, 2022 1:56 AM",Развлекательная литература,,,https://www.litres.ru/arthur-konan-doyle/etud-v-bagrovyh-tonah-spektakl-5311697/,
Книжный вор,Маркус Зусак,https://cv2.litres.ru/pub/c/elektronnaya-kniga/cover_415/9308621-markus-zusak-2-knizhnyy-vor.jpg,В планах,"September 28, 2022 1:56 AM",Развлекательная литература,,,https://www.litres.ru/markus-zusak-2/knizhnyy-vor/,
Мастер и Маргарита,Михаил Булгаков,https://cv9.litres.ru/pub/c/elektronnaya-kniga/cover_415/129095-mihail-bulgakov-master-i-margarita.jpg,В планах,"September 28, 2022 1:58 AM",Развлекательная литература,,,https://www.litres.ru/mihail-bulgakov/master-i-margarita/,
Эгоистичный ген,Ричард Докинз,https://cv1.litres.ru/pub/c/elektronnaya-kniga/cover_415/129015-raznoe-egoistichnyy-gen.jpg,В планах,"September 28, 2022 1:59 AM",Книги по саморазвитию,,,https://www.litres.ru/raznoe/egoistichnyy-gen/,
Человек в поисках смысла,Виктор Франкл,https://s1.livelib.ru/boocover/1000217563/200x305/3f2e/boocover.jpg,В планах,"September 28, 2022 2:00 AM",Книги по саморазвитию,,,https://www.livelib.ru/book/1000217563-chelovek-v-poiskah-smysla-viktor-frankl,
Цветы для Элджернона,Дэниел Киз,https://cv1.litres.ru/pub/c/elektronnaya-kniga/cover_415/145410-deniel-kiz-cvety-dlya-eldzhernona.jpg,В планах,"September 28, 2022 2:01 AM",Развлекательная литература,,,https://www.litres.ru/deniel-kiz/cvety-dlya-eldzhernona/,
Финансист,Теодор Драйзер,https://cv8.litres.ru/pub/c/elektronnaya-kniga/cover_415/126289-teodor-drayzer-finansist.jpg,В планах,"September 28, 2022 2:01 AM",Книги по саморазвитию,,,https://www.litres.ru/teodor-drayzer/finansist/,../%D0%A0%D0%B0%D0%B7%D0%BE%D0%B1%D1%80%D0%B0%D1%82%D1%8C%20b61dfa08fdee427ab56a1d539555a5f4/%D0%A2%D0%B0%D0%B1%D0%BB%D0%B8%D1%86%D0%B0%20%E2%80%9C%D0%A2%D0%B5%D0%BC%D1%8B%E2%80%9D%205261d8ac365a4baa890082f78175e751/%D0%A1%D0%B0%D0%BC%D0%BE%D1%80%D0%B0%D0%B7%D0%B2%D0%B8%D1%82%D0%B8%D0%B5%206cadef5a58174f3497fbfb97e62ca4c4.csv
Убить пересмешника,Харпер Ли,https://cv7.litres.ru/pub/c/elektronnaya-kniga/cover_415/129770-harper-li-ubit-peresmeshnika.jpg,В планах,"September 28, 2022 2:01 AM",Развлекательная литература,,,https://www.litres.ru/harper-li/ubit-peresmeshnika/,
Трудно быть богом,Аркадий и Борис Стругацкие,https://cv6.litres.ru/pub/c/elektronnaya-kniga/cover_330/24616261-arkadiy-i-boris-strugackie-trudno-byt-bogom-24616261.jpg,В планах,"September 28, 2022 2:01 AM",Развлекательная литература,,,https://www.litres.ru/arkadiy-i-boris-strugackie/trudno-byt-bogom-24616261/,
Понедельник начинается в субботу,Аркадий и Борис Стругацкие,https://cv8.litres.ru/pub/c/audiokniga/cover_415/3956285-arkadiy-i-boris-strugackie-ponedelnik-nachinaetsya-v-subbotu-3956285.jpg,В планах,"September 28, 2022 2:02 AM",Развлекательная литература,,,https://www.litres.ru/arkadiy-i-boris-strugackie/ponedelnik-nachinaetsya-v-subbotu-3956285/,
Обитаемый остров,Аркадий и Борис Стругацкие,https://cv9.litres.ru/pub/c/elektronnaya-kniga/cover_330/23467498-arkadiy-i-boris-strugackie-obitaemyy-ostrov.jpg,В планах,"September 28, 2022 2:02 AM",Развлекательная литература,,,https://www.litres.ru/arkadiy-i-boris-strugackie/obitaemyy-ostrov/,
"Трое в лодке, не считая собаки",Джером К. Джером,https://cv5.litres.ru/pub/c/elektronnaya-kniga/cover_415/138854-dzherom-k-dzherom-troe-v-lodke-ne-schitaya-sobaki-138854.jpg,В планах,"September 28, 2022 2:04 AM",Развлекательная литература,,,https://www.litres.ru/dzherom-k-dzherom/troe-v-lodke-ne-schitaya-sobaki-138854/,
Степной волк,Герман Гессе,https://cv0.litres.ru/pub/c/elektronnaya-kniga/cover_415/138905-german-gesse-stepnoy-volk.jpg,В планах,"September 28, 2022 2:05 AM",Развлекательная литература,,,https://www.litres.ru/german-gesse/stepnoy-volk/,
Сравнительные жизнеописания,Плутарх,https://cv2.litres.ru/pub/c/elektronnaya-kniga/cover_415/2572425-plutarh-sravnitelnye-zhizneopisaniya-2572425.jpg,В планах,"September 28, 2022 2:07 AM",Развлекательная литература,,,https://www.litres.ru/plutarh/sravnitelnye-zhizneopisaniya-2572425/,
Сирены Титана,Курт Воннегут,https://cv0.litres.ru/pub/c/elektronnaya-kniga/cover_415/128906-kurt-vonnegut-sireny-titana.jpg,В планах,"September 28, 2022 2:07 AM",Развлекательная литература,,,https://www.litres.ru/kurt-vonnegut/sireny-titana/,
"Сделай себя сам. Советы для тех, кто хочет оставить свой след",Тина Силиг,https://cv9.litres.ru/pub/c/elektronnaya-kniga/cover_415/5009199-tina-silig-sdelay-sebya-sam-sovety-dlya-teh-kto-hochet-ostavit-svoy-sled.jpg,В планах,"September 28, 2022 2:08 AM",Книги по саморазвитию,,,https://www.litres.ru/tina-silig/sdelay-sebya-sam-sovety-dlya-teh-kto-hochet-ostavit-svoy-sled/,
Рыцари Сорока Островов,Сергей Лукьяненко,https://cv2.litres.ru/pub/c/elektronnaya-kniga/cover_415/121028-sergey-lukyanenko-rycari-soroka-ostrovov.jpg,В планах,"September 28, 2022 2:09 AM",Развлекательная литература,,,https://www.litres.ru/sergey-lukyanenko/rycari-soroka-ostrovov/,
Сказать жизни «Да!»: психолог в концлагере,Виктор Франкл,https://cv1.litres.ru/pub/c/elektronnaya-kniga/cover_415/147113-viktor-frankl-skazat-zhizni-da-psiholog-v-konclagere.jpg,В планах,"September 28, 2022 2:09 AM",Книги по саморазвитию,,,https://www.litres.ru/viktor-frankl/skazat-zhizni-da-psiholog-v-konclagere/,
Процесс,Франц Кафка,https://cv4.litres.ru/pub/c/elektronnaya-kniga/cover_415/140649-franc-kafka-process.jpg,В планах,"September 28, 2022 2:09 AM",Книги по саморазвитию,,,https://www.litres.ru/franc-kafka/process/,
Портрет Дориана Грея,Оскар Уайльд,https://cv2.litres.ru/pub/c/elektronnaya-kniga/cover_415/130224-oskar-uayld-portret-doriana-greya-130224.jpg,В планах,"September 28, 2022 2:10 AM",Развлекательная литература,,,https://www.litres.ru/oskar-uayld/portret-doriana-greya-130224/,
Плаха,Чингиз Айтматов,https://cv5.litres.ru/pub/c/elektronnaya-kniga/cover_415/132358-chingiz-aytmatov-plaha.jpg,В планах,"September 28, 2022 2:10 AM",Развлекательная литература,,,https://www.litres.ru/chingiz-aytmatov/plaha/,
Нравственные письма к Луцилию,Луций Анней Сенека,https://cv4.litres.ru/pub/c/elektronnaya-kniga/cover_415/9360746-luciy-anney-seneka-nravstvennye-pisma-k-luciliu.jpg,В планах,"September 28, 2022 2:11 AM",Развлекательная литература,,,https://www.litres.ru/luciy-anney-seneka/nravstvennye-pisma-k-luciliu/,
Над пропастью во ржи,Дж. Д. Сэлинджер,https://cv8.litres.ru/pub/c/elektronnaya-kniga/cover_415/127781-dzherom-devid-selindzher-48197-nad-propastu-vo-rzhi.jpg,В планах,"September 28, 2022 2:12 AM",Развлекательная литература,,,https://www.litres.ru/dzherom-devid-selindzher-48197/nad-propastu-vo-rzhi/,
На Западном фронте без перемен,Эрих Мария Ремарк,https://cv2.litres.ru/pub/c/elektronnaya-kniga/cover_415/32878920-erih-mariya-remark-na-zapadnom-fronte-bez-peremen-32878920.jpg,В планах,"September 28, 2022 2:12 AM",Развлекательная литература,,,https://www.litres.ru/erih-mariya-remark/na-zapadnom-fronte-bez-peremen-32878920/,
Мы,Евгений Замятин,https://cv8.litres.ru/pub/c/elektronnaya-kniga/cover_330/171987-evgeniy-zamyatin-my-171987.jpg,В планах,"September 28, 2022 2:12 AM",Развлекательная литература,,,https://www.litres.ru/evgeniy-zamyatin/my-171987/,
Куда жить,Владимир Леви,https://s1.livelib.ru/boocover/1001497902/200x305/28f6/boocover.jpg,В планах,"September 28, 2022 2:13 AM",Развлекательная литература,,,https://www.livelib.ru/book/1001497902-kuda-zhit-vladimir-levi,
Королевская битва,Косюн Таками,https://s1.livelib.ru/boocover/1002728719/200x305/2893/boocover.jpg,В планах,"September 28, 2022 2:13 AM",Развлекательная литература,,,https://www.livelib.ru/book/1002728719-korolevskaya-bitva-kosyun-takami,
Исследования одной собаки,Франц Кафка,https://s1.livelib.ru/boocover/1000448559/200x305/e125/boocover.jpg,В планах,"September 28, 2022 2:14 AM",Развлекательная литература,,,https://www.livelib.ru/book/1000448559-issledovaniya-odnoj-sobaki-frants-kafka,
Замок,Франц Кафка,https://s1.livelib.ru/boocover/1001674072/200x305/bfa7/boocover.jpg,В планах,"September 28, 2022 2:14 AM",Развлекательная литература,,,https://www.livelib.ru/book/1001674072-zamok-frants-kafka,
Жесткий тайм-менеджмент. Возьмите свою жизнь под контроль,Дэн Кеннеди,https://s1.livelib.ru/boocover/1002619025/200x305/c87c/boocover.jpg,В планах,"September 28, 2022 2:14 AM",Книги по саморазвитию,,,https://www.livelib.ru/book/1002619025-zhestkij-tajmmenedzhment-vozmite-svoyu-zhizn-pod-kontrol-den-kennedi,
Дивергент (серия книг),Вероника Рот,https://cv3.litres.ru/pub/c/elektronnaya-kniga/cover_415/4360835-veronika-rot-divergent.jpg,В планах,"September 28, 2022 2:15 AM",Развлекательная литература,,,https://www.litres.ru/veronika-rot/divergent/,
День триффидов,Джон Уиндем,https://cv5.litres.ru/pub/c/elektronnaya-kniga/cover_415/18310054-dzhon-uindem-den-triffidov.jpg,В планах,"September 28, 2022 2:16 AM",Развлекательная литература,,,https://www.litres.ru/dzhon-uindem/den-triffidov/,
Граф Монте-Кристо,Александр Дюма,https://cv2.litres.ru/pub/c/elektronnaya-kniga/cover_330/122729-aleksandr-duma-graf-monte-kristo.jpg,В планах,"September 28, 2022 2:16 AM",Развлекательная литература,,,https://www.litres.ru/aleksandr-duma/graf-monte-kristo/,
Братья Карамазовы,Федор Достоевский,https://cv4.litres.ru/pub/c/elektronnaya-kniga/cover_330/171949-fedor-dostoevskiy-bratya-karamazovy-171949.jpg,В планах,"September 28, 2022 2:17 AM",Развлекательная литература,,,https://www.litres.ru/fedor-dostoevskiy/bratya-karamazovy-171949/,
"Бойня номер пять, или Крестовый поход детей",Курт Воннегут,https://s1.livelib.ru/boocover/1000025445/200x305/ea35/boocover.jpg,В планах,"September 28, 2022 2:18 AM",Развлекательная литература,,,https://www.livelib.ru/book/1000025445-bojnya-nomer-pyat-ili-krestovyj-pohod-detej-kurt-vonnegut,
Божественная комедия,Данте Алигьери,https://cv7.litres.ru/pub/c/elektronnaya-kniga/cover_415/22136176-dante-aligeri-bozhestvennaya-komediya-22136176.jpg,В планах,"September 28, 2022 2:18 AM",Развлекательная литература,,,https://www.litres.ru/dante-aligeri/bozhestvennaya-komediya-22136176/,
"Богатый папа, бедный папа",Роберт Кийосаки,https://cv5.litres.ru/pub/c/elektronnaya-kniga/cover_415/119256-robert-kiyosaki-bogatyy-papa-bednyy-papa.jpg,В планах,"September 28, 2022 2:19 AM",Книги по саморазвитию,,,https://www.litres.ru/robert-kiyosaki/bogatyy-papa-bednyy-papa/,
Библия. Книги Ветхого и Нового Заветов,Неизвестен,https://s1.livelib.ru/boocover/1005516448/200x305/2b6d/boocover.jpg,В планах,"September 28, 2022 2:20 AM",Книги по саморазвитию,,,https://www.livelib.ru/book/1005516448-bibliya-knigi-vethogo-i-novogo-zavetov,
Автостопом по Галактике (сборник),Дуглас Адамс,https://s1.livelib.ru/boocover/1002128106/200x305/4295/boocover.jpg,В планах,"September 28, 2022 2:20 AM",Развлекательная литература,,,https://www.livelib.ru/book/1002128106-avtostopom-po-galaktike-sbornik-duglas-adams,
1984,Джордж Оруэлл,https://cv9.litres.ru/pub/c/elektronnaya-kniga/cover_415/129098--.jpg,В планах,"September 28, 2022 2:21 AM",Развлекательная литература,,,https://www.litres.ru/dzhordzh-oruell/1984/,
Тонкое искусство пофигизма. Парадоксальный способ жить счастливо,Марк Мэнсон,https://cv1.litres.ru/pub/c/elektronnaya-kniga/cover_415/25440816-mark-menson-tonkoe-iskusstvo-pofigizma.jpg,В планах,"September 28, 2022 2:21 AM",Книги по саморазвитию,,,https://www.litres.ru/mark-menson/tonkoe-iskusstvo-pofigizma/,
Спотыкаясь о счастье,Дэниел Гилберт,https://cv7.litres.ru/pub/c/elektronnaya-kniga/cover_415/8883178-deniel-gilbert-spotykayas-o-schaste-8883178.jpg,В планах,"September 28, 2022 2:21 AM",Развлекательная литература,,,https://www.litres.ru/deniel-gilbert/spotykayas-o-schaste-8883178/,
Семь навыков высокоэффективных людей,Стивен Кови,https://s1.livelib.ru/boocover/1003055575/200x305/3dd3/boocover.jpg,В планах,"September 28, 2022 2:22 AM",Книги по саморазвитию,,,https://www.livelib.ru/book/1003055575-sem-navykov-vysokoeffektivnyh-lyudej-stiven-kovi,
Думай и богатей: золотые правила успеха,Наполеон Хилл,https://cv2.litres.ru/pub/c/elektronnaya-kniga/cover_415/17197226-napoleon-hill-dumay-i-bogatey-zolotye-pravila-uspeha.jpg,В планах,"September 28, 2022 2:23 AM",Книги по саморазвитию,,,https://www.litres.ru/napoleon-hill/dumay-i-bogatey-zolotye-pravila-uspeha/,
Самый богатый человек в Вавилоне,Джордж Клейсон,https://s1.livelib.ru/boocover/1007261464/200x305/54f5/boocover.jpg,В планах,"September 28, 2022 2:23 AM",Книги по саморазвитию,,,https://www.livelib.ru/book/1007261464-samyj-bogatyj-chelovek-v-vavilone-dzhordzh-klejson,
Королева Солнца (сборник),Андрэ Нортон,https://s1.livelib.ru/boocover/1000318613/200x305/e1cf/boocover.jpg,В планах,"September 28, 2022 2:24 AM",Развлекательная литература,,,https://www.livelib.ru/book/1000318613-koroleva-solntsa-sbornik-andre-norton,
Мир смерти,Гарри Гаррисон,https://s1.livelib.ru/boocover/1002811826/200x305/00d9/boocover.jpg,В планах,"September 28, 2022 2:25 AM",Развлекательная литература,,,https://www.livelib.ru/book/1002811826-mir-smerti-garri-garrison,
Веб-дизайн для недизайнеров,Трэйси Осборн,https://s1.livelib.ru/boocover/1007405128/200x305/3416/boocover.jpg,В планах,"September 28, 2022 2:26 AM",Книги для работы,,,https://www.livelib.ru/book/1007405128-vebdizajn-dlya-nedizajnerov-trejsi-osborn,../%D0%A0%D0%B0%D0%B7%D0%BE%D0%B1%D1%80%D0%B0%D1%82%D1%8C%20b61dfa08fdee427ab56a1d539555a5f4/%D0%A2%D0%B0%D0%B1%D0%BB%D0%B8%D1%86%D0%B0%20%E2%80%9C%D0%A2%D0%B5%D0%BC%D1%8B%E2%80%9D%205261d8ac365a4baa890082f78175e751/HTML%20CSS%200156da8accb5451b8991d10bfb08505a.csv
Системная инженерия для «чайников»,Кэтлин Шамие,https://s1.livelib.ru/boocover/1007437513/200x305/e332/boocover.jpg,Читаю,"September 28, 2022 2:26 AM",Книги для работы,,,https://www.livelib.ru/book/1007437513-sistemnaya-inzheneriya-dlya-chajnikov-ketlin-shamie,
Робинзон Крузо,Даниэль Дефо,https://cv3.litres.ru/pub/c/elektronnaya-kniga/cover_330/136433-daniel-defo-robinzon-kruzo-136433.jpg,Прочитано,"September 28, 2022 2:30 AM",Развлекательная литература,,,https://www.litres.ru/daniel-defo/robinzon-kruzo-136433/,
Повелитель мух,Уильям Голдинг,https://cv2.litres.ru/pub/c/elektronnaya-kniga/cover_415/119029-uilyam-golding-povelitel-muh-119029.jpg,Прочитано,"September 28, 2022 2:31 AM",Развлекательная литература,,,https://www.litres.ru/uilyam-golding/povelitel-muh-119029/,
О дивный новый мир,Олдос Хаксли,https://cv8.litres.ru/pub/c/elektronnaya-kniga/cover_415/14332383-oldos-leonard-haksli-o-divnyy-novyy-mir.jpg,Прочитано,"September 28, 2022 2:32 AM",Развлекательная литература,,,https://www.litres.ru/oldos-leonard-haksli/o-divnyy-novyy-mir/,
Метро 2033,Дмитрий Глуховский,https://cv9.litres.ru/pub/c/elektronnaya-kniga/cover_415/128391-dmitriy-gluhovskiy-metro-2033.jpg,Прочитано,"September 28, 2022 2:32 AM",Развлекательная литература,,,https://www.litres.ru/dmitriy-gluhovskiy/metro-2033/,
Гарри Поттер и узник Азкабана,Джоан Роулинг,https://s1.livelib.ru/boocover/1003317448/200x305/2954/boocover.jpg,Прочитано,"September 28, 2022 2:33 AM",Развлекательная литература,,,https://www.livelib.ru/book/1003317448-garri-potter-i-uznik-azkabana-dzhoan-rouling,
Гарри Поттер и Орден Феникса,Джоан Роулинг,https://s1.livelib.ru/boocover/1001112551/200x305/2034/boocover.jpg,Прочитано,"September 28, 2022 2:33 AM",Развлекательная литература,,,https://www.livelib.ru/book/1001112551-garri-potter-i-orden-feniksa-dzhoan-rouling,
Гарри Поттер и Кубок огня,Джоан Роулинг,https://s1.livelib.ru/boocover/1003244521/200x305/4a36/boocover.jpg,Прочитано,"September 28, 2022 2:34 AM",Развлекательная литература,,,https://www.livelib.ru/book/1003244521-garri-potter-i-kubok-ognya-dzhoan-rouling,
Гарри Поттер и Тайная комната,Джоан Роулинг,https://s1.livelib.ru/boocover/1002848843/200x305/c0ae/boocover.jpg,Прочитано,"September 28, 2022 2:34 AM",Развлекательная литература,,,https://www.livelib.ru/book/1002848843-garri-potter-i-tajnaya-komnata-dzhoan-rouling,
Гарри Поттер и Принц-полукровка,Джоан Роулинг,https://s1.livelib.ru/boocover/1001156813/200x305/b311/boocover.jpg,Прочитано,"September 28, 2022 2:34 AM",Развлекательная литература,,,https://www.livelib.ru/book/1001156813-garri-potter-i-printspolukrovka-dzhoan-rouling,
Гарри Поттер и Дары Смерти,Джоан Роулинг,https://s1.livelib.ru/boocover/1001243476/200x305/4165/boocover.jpg,Прочитано,"September 28, 2022 2:35 AM",Развлекательная литература,,,https://www.livelib.ru/book/1001243476-garri-potter-i-dary-smerti-dzhoan-rouling,
Гарри Поттер и философский камень,Дж. К. Роулинг,https://s1.livelib.ru/boocover/1002687858/200x305/231d/boocover.jpg,Прочитано,"September 28, 2022 2:36 AM",Развлекательная литература,,,https://www.livelib.ru/book/1002687858-garri-potter-i-filosofskij-kamen-dzh-k-rouling,
Мартин Иден,Джек Лондон,https://s1.livelib.ru/boocover/1005746266/200x305/4d96/boocover.jpg,Прочитано,"September 28, 2022 2:36 AM",Развлекательная литература,,,https://www.livelib.ru/book/1005746266-martin-iden-dzhek-london,
Маленький принц,Антуан де Сент-Экзюпери,https://s1.livelib.ru/boocover/1002999336/200x305/ecbe/boocover.jpg,Прочитано,"September 28, 2022 2:36 AM",Развлекательная литература,"Одна из первых осознанно прочитанных книг (школьная программа), наряду с Приключения Тома Сойера.",,https://www.livelib.ru/book/1002999336-malenkij-prints-antuan-de-sentekzyuperi,
Голодные игры: Сойка-пересмешница,Сьюзен Коллинз,https://s1.livelib.ru/boocover/1005519199/200x305/159f/boocover.jpg,Прочитано,"September 28, 2022 2:37 AM",Развлекательная литература,,,https://www.livelib.ru/book/1005519199-sojkaperesmeshnitsa-syuzen-kollinz,
Голодные игры: Голодные игры,Сьюзен Коллинз,https://s1.livelib.ru/boocover/1005349699/200x305/e5a4/boocover.jpg,Прочитано,"September 28, 2022 2:38 AM",Развлекательная литература,,,https://www.livelib.ru/book/1005349699-golodnye-igry-syuzen-kollinz,
Голова профессора Доуэля,Александр Беляев,https://s1.livelib.ru/boocover/1007362012/200x305/445d/boocover.jpg,Прочитано,"September 28, 2022 2:38 AM",Развлекательная литература,,,https://www.livelib.ru/book/1007362012-golova-professora-douelya-aleksandr-belyaev,
Голодные игры: И вспыхнет пламя,Сьюзен Коллинз,https://s1.livelib.ru/boocover/1000524718/200x305/c287/boocover.jpg,Прочитано,"September 28, 2022 2:39 AM",Развлекательная литература,,,https://www.livelib.ru/book/1000524718-i-vspyhnet-plamya-syuzen-kollinz,
Бойцовский клуб,Чак Паланик,https://s1.livelib.ru/boocover/1005912529/200x305/7c6e/boocover.jpg,Прочитано,"September 28, 2022 2:40 AM",Развлекательная литература,,,https://www.livelib.ru/book/1005912529-bojtsovskij-klub-chak-palanik,
https://ru.wikipedia.org/wiki/S.T.A.L.K.E.R._(%D1%81%D0%B5%D1%80%D0%B8%D1%8F_%D0%B8%D0%B3%D1%80) Сага смерти. Мгла,Андрей Левицкий,https://s1.livelib.ru/boocover/1000401555/200x305/1063/boocover.jpg,Прочитано,"September 28, 2022 2:41 AM",Развлекательная литература,,,https://www.livelib.ru/book/1000401555-saga-smerti-mgla-andrej-levitskij,
https://ru.wikipedia.org/wiki/S.T.A.L.K.E.R._(%D1%81%D0%B5%D1%80%D0%B8%D1%8F_%D0%B8%D0%B3%D1%80) Стрингер. Летописец отчуждения,Александр Радин,https://s1.livelib.ru/boocover/1000620003/200x305/7891/boocover.jpg,Прочитано,"September 28, 2022 2:41 AM",Развлекательная литература,,,https://www.livelib.ru/book/1000620003-stringer-letopisets-otchuzhdeniya-aleksandr-radin,
https://ru.wikipedia.org/wiki/S.T.A.L.K.E.R._(%D1%81%D0%B5%D1%80%D0%B8%D1%8F_%D0%B8%D0%B3%D1%80) Одержимые Зоной,Анна Китаева,https://s1.livelib.ru/boocover/1000494969/200x305/3bad/boocover.jpg,Прочитано,"September 28, 2022 2:41 AM",Развлекательная литература,,,https://www.livelib.ru/book/1000494969-oderzhimye-zonoj-anna-kitaeva,
https://ru.wikipedia.org/wiki/S.T.A.L.K.E.R._(%D1%81%D0%B5%D1%80%D0%B8%D1%8F_%D0%B8%D0%B3%D1%80) Горизонт событий,Сергей Недоруб,https://s1.livelib.ru/boocover/1000476909/200x305/b1ad/boocover.jpg,Прочитано,"September 28, 2022 2:41 AM",Развлекательная литература,,,https://www.livelib.ru/book/1000476909-gorizont-sobytij-sergej-nedorub,
https://ru.wikipedia.org/wiki/S.T.A.L.K.E.R._(%D1%81%D0%B5%D1%80%D0%B8%D1%8F_%D0%B8%D0%B3%D1%80) Игра в поддавки,Александр Громов,,Прочитано,"September 28, 2022 2:42 AM",Развлекательная литература,,,https://fantlab.ru/work206949,
https://ru.wikipedia.org/wiki/S.T.A.L.K.E.R._(%D1%81%D0%B5%D1%80%D0%B8%D1%8F_%D0%B8%D0%B3%D1%80) Клад Стервятника,Александр Зорич,,Прочитано,"September 28, 2022 2:43 AM",Развлекательная литература,,,https://fantlab.ru/work216308,
https://ru.wikipedia.org/wiki/S.T.A.L.K.E.R._(%D1%81%D0%B5%D1%80%D0%B8%D1%8F_%D0%B8%D0%B3%D1%80) Точка падения,Юрий Бурносов,https://s1.livelib.ru/boocover/1001224519/200x305/b546/boocover.jpg,Прочитано,"September 28, 2022 2:43 AM",Развлекательная литература,,,https://www.livelib.ru/book/1001224519-tochka-padeniya-yurij-burnosov,
https://ru.wikipedia.org/wiki/S.T.A.L.K.E.R._(%D1%81%D0%B5%D1%80%D0%B8%D1%8F_%D0%B8%D0%B3%D1%80) Смертники,Евгений Прошкин,https://s1.livelib.ru/boocover/1000476707/200x305/b1ad/boocover.jpg,Прочитано,"September 28, 2022 2:44 AM",Развлекательная литература,,,https://www.livelib.ru/book/1000476707-smertniki-evgenij-proshkin,
https://ru.wikipedia.org/wiki/S.T.A.L.K.E.R._(%D1%81%D0%B5%D1%80%D0%B8%D1%8F_%D0%B8%D0%B3%D1%80) Полураспад,Александр Зорич,https://s1.livelib.ru/boocover/1000568644/200x305/1f74/boocover.jpg,Прочитано,"September 28, 2022 2:44 AM",Развлекательная литература,,,https://www.livelib.ru/book/1000568644-poluraspad-aleksandr-zorich,
https://ru.wikipedia.org/wiki/S.T.A.L.K.E.R._(%D1%81%D0%B5%D1%80%D0%B8%D1%8F_%D0%B8%D0%B3%D1%80) Прятки на осевой,Владимир Васильев,https://s1.livelib.ru/boocover/1000440776/200x305/9f38/boocover.jpg,Прочитано,"September 28, 2022 2:45 AM",Развлекательная литература,,,https://www.livelib.ru/book/1000440776-pryatki-na-osevoj-vladimir-vasilev,
https://ru.wikipedia.org/wiki/S.T.A.L.K.E.R._(%D1%81%D0%B5%D1%80%D0%B8%D1%8F_%D0%B8%D0%B3%D1%80) Штык,Ежи Тумановский,,Прочитано,"September 28, 2022 2:46 AM",Развлекательная литература,,,https://fantlab.ru/work228654,
https://ru.wikipedia.org/wiki/S.T.A.L.K.E.R._(%D1%81%D0%B5%D1%80%D0%B8%D1%8F_%D0%B8%D0%B3%D1%80) Тайна полтергейста,Сергей Недоруб,https://s1.livelib.ru/boocover/1000434165/200x305/8f13/boocover.jpg,Прочитано,"September 28, 2022 2:46 AM",Развлекательная литература,,,https://www.livelib.ru/book/1000434165-tajna-poltergejsta-sergej-nedorub,
https://ru.wikipedia.org/wiki/S.T.A.L.K.E.R._(%D1%81%D0%B5%D1%80%D0%B8%D1%8F_%D0%B8%D0%B3%D1%80) Зов Припяти (сборник),Неизвестен,https://s1.livelib.ru/boocover/1000325697/200x305/334f/boocover.jpg,Прочитано,"September 28, 2022 2:47 AM",Развлекательная литература,,,https://www.livelib.ru/book/1000325697-zov-pripyati-sbornik-antologiya,
https://ru.wikipedia.org/wiki/S.T.A.L.K.E.R._(%D1%81%D0%B5%D1%80%D0%B8%D1%8F_%D0%B8%D0%B3%D1%80) Беглый огонь,Александр Зорич,https://s1.livelib.ru/boocover/1000404470/200x305/ff2b/boocover.jpg,Прочитано,"September 28, 2022 2:47 AM",Развлекательная литература,,,https://www.livelib.ru/book/1000404470-beglyj-ogon-aleksandr-zorich,
https://ru.wikipedia.org/wiki/S.T.A.L.K.E.R._(%D1%81%D0%B5%D1%80%D0%B8%D1%8F_%D0%B8%D0%B3%D1%80) Пуля-квант,Алексей Бобл,https://s1.livelib.ru/boocover/1000742668/200x305/3e4c/boocover.jpg,Прочитано,"September 28, 2022 2:47 AM",Развлекательная литература,,,https://www.livelib.ru/book/1000742668-pulyakvant-aleksej-bobl,
https://ru.wikipedia.org/wiki/S.T.A.L.K.E.R._(%D1%81%D0%B5%D1%80%D0%B8%D1%8F_%D0%B8%D0%B3%D1%80) Ловчий желаний,Сергей Вольнов,https://s1.livelib.ru/boocover/1000322695/200x305/c386/boocover.jpg,Прочитано,"September 28, 2022 2:48 AM",Развлекательная литература,,,https://www.livelib.ru/book/1000322695-lovchij-zhelanij-sergej-volnov,
https://ru.wikipedia.org/wiki/S.T.A.L.K.E.R._(%D1%81%D0%B5%D1%80%D0%B8%D1%8F_%D0%B8%D0%B3%D1%80) Змееныш,Лев Жаков,https://s1.livelib.ru/boocover/1000423462/200x305/a997/boocover.jpg,Прочитано,"September 28, 2022 2:48 AM",Развлекательная литература,,,https://www.livelib.ru/book/1000423462-zmeenysh-sbornik-lev-zhakov,
https://ru.wikipedia.org/wiki/S.T.A.L.K.E.R._(%D1%81%D0%B5%D1%80%D0%B8%D1%8F_%D0%B8%D0%B3%D1%80) Охотники на мутантов,Лев Жаков,https://s1.livelib.ru/boocover/1000316912/200x305/20b6/boocover.jpg,Прочитано,"September 28, 2022 2:49 AM",Развлекательная литература,,,https://www.livelib.ru/book/1000316912-ohotniki-na-mutantov-lev-zhakov,
https://ru.wikipedia.org/wiki/S.T.A.L.K.E.R._(%D1%81%D0%B5%D1%80%D0%B8%D1%8F_%D0%B8%D0%B3%D1%80) Эпицентр удачи,Дмитрий Янковский,https://s1.livelib.ru/boocover/1000371272/200x305/c513/boocover.jpg,Прочитано,"September 28, 2022 2:49 AM",Развлекательная литература,,,https://www.livelib.ru/book/1000371272-epitsentr-udachi-dmitrij-yankovskij,
https://ru.wikipedia.org/wiki/S.T.A.L.K.E.R._(%D1%81%D0%B5%D1%80%D0%B8%D1%8F_%D0%B8%D0%B3%D1%80) Линия огня,Василий Орехов,https://s1.livelib.ru/boocover/1000308151/200x305/4550/boocover.jpg,Прочитано,"September 28, 2022 2:49 AM",Развлекательная литература,,,https://www.livelib.ru/book/1000308151-liniya-ognya-vasilij-orehov,
https://ru.wikipedia.org/wiki/S.T.A.L.K.E.R._(%D1%81%D0%B5%D1%80%D0%B8%D1%8F_%D0%B8%D0%B3%D1%80) Мечта на поражение,Алексей Калугин,https://s1.livelib.ru/boocover/1000316580/200x305/20b6/boocover.jpg,Прочитано,"September 28, 2022 2:49 AM",Развлекательная литература,,,https://www.livelib.ru/book/1000316580-mechta-na-porazhenie-aleksej-kalugin,
https://ru.wikipedia.org/wiki/S.T.A.L.K.E.R._(%D1%81%D0%B5%D1%80%D0%B8%D1%8F_%D0%B8%D0%B3%D1%80) Выбор оружия,Андрей Левицкий,https://s1.livelib.ru/boocover/1000292508/200x305/8032/boocover.jpg,Прочитано,"September 28, 2022 2:50 AM",Развлекательная литература,,,https://www.livelib.ru/book/1000292508-vybor-oruzhiya-andrej-levitskij,
https://ru.wikipedia.org/wiki/S.T.A.L.K.E.R._(%D1%81%D0%B5%D1%80%D0%B8%D1%8F_%D0%B8%D0%B3%D1%80) Обратный отсчет,Вячеслав Шалыгин,https://s1.livelib.ru/boocover/1000507287/200x305/53e1/boocover.jpg,Прочитано,"September 28, 2022 2:50 AM",Развлекательная литература,,,https://www.livelib.ru/book/1000507287-obratnyj-otschet-vyacheslav-shalygin,
https://ru.wikipedia.org/wiki/S.T.A.L.K.E.R._(%D1%81%D0%B5%D1%80%D0%B8%D1%8F_%D0%B8%D0%B3%D1%80) Зона поражения,Василий Орехов,https://s1.livelib.ru/boocover/1000239530/200x305/de5e/boocover.jpg,Прочитано,"September 28, 2022 2:50 AM",Развлекательная литература,,,https://www.livelib.ru/book/1000239530-zona-porazheniya-vasilij-orehov,
https://ru.wikipedia.org/wiki/S.T.A.L.K.E.R._(%D1%81%D0%B5%D1%80%D0%B8%D1%8F_%D0%B8%D0%B3%D1%80) Дом на болоте,Алексей Калугин,https://s1.livelib.ru/boocover/1000253388/200x305/b09d/boocover.jpg,Прочитано,"September 28, 2022 2:50 AM",Развлекательная литература,,,https://www.livelib.ru/book/1000253388-dom-na-bolote-aleksej-kalugin,
Бегущий в Лабиринте: Лекарство от смерти,Джеймс Дэшнер,https://s1.livelib.ru/boocover/1002730307/200x305/4011/boocover.jpg,Прочитано,"September 28, 2022 2:53 AM",Развлекательная литература,,,https://www.livelib.ru/book/1002730307-beguschij-v-labirinte-lekarstvo-ot-smerti-dzhejms-deshner,
Бегущий в Лабиринте: Испытание огнем,Джеймс Дэшнер,https://s1.livelib.ru/boocover/1001391688/200x305/d3f3/boocover.jpg,Прочитано,"September 28, 2022 2:53 AM",Развлекательная литература,,,https://www.livelib.ru/book/1001391688-ispytanie-ognem-dzhejms-deshner,
Бегущий в Лабиринте: Код лихорадки,Джеймс Дэшнер,https://s1.livelib.ru/boocover/1002692091/200x305/6359/boocover.jpg,Прочитано,"September 28, 2022 2:53 AM",Развлекательная литература,,,https://www.livelib.ru/book/1002692091-kod-lihoradki-dzhejms-deshner,
Бегущий в Лабиринте: Бегущий в лабиринте,Джеймс Дэшнер,https://s1.livelib.ru/boocover/1004003872/200x305/ea68/boocover.jpg,Прочитано,"September 28, 2022 2:53 AM",Развлекательная литература,,,https://www.livelib.ru/book/1004003872-beguschij-v-labirinte-dzhejms-deshner,
451° по Фаренгейту,Рэй Брэдбери,https://s1.livelib.ru/boocover/1001287644/200x305/37e3/boocover.jpg,Брошено,"September 28, 2022 2:53 AM",Развлекательная литература,,,https://www.livelib.ru/book/1001287644-451-po-farengejtu-rej-bredberi,
"Какое тебе дело до того, что думают другие?",Ричард Фейнман,https://s1.livelib.ru/boocover/1000217685/200x305/3f2e/boocover.jpg,Прочитано,"September 28, 2022 2:56 AM",Развлекательная литература,Продолжение первой книги про Фейнмана и его жизнь. Менее интересная чем первая книга.,,https://www.livelib.ru/book/1000217685-kakoe-tebe-delo-do-togo-chto-dumayut-drugie-fejnman-richard,
"Вы, конечно, шутите, мистер Фейнман!",Ричард Фейнман,https://cv4.litres.ru/pub/c/elektronnaya-kniga/cover_330/142044-richard-fillips-feynman-vy-konechno-shutite-mister-feynman.jpg,Прочитано,"September 28, 2022 2:56 AM",Развлекательная литература,"Интересные и забавные истории о жизни одного из известных физиков, принимавших участие в создании проекта ""Манхэттен"" и расследовании крушения шаттла ""Челленджер"".",,https://www.litres.ru/richard-fillips-feynman/vy-konechno-shutite-mister-feynman/chitat-onlayn/,
Приключения Тома Сойера,Марк Твен,https://s1.livelib.ru/boocover/1006969033/200x305/5838/boocover.jpg,Прочитано,"September 28, 2022 2:57 AM",Развлекательная литература,Одна из первых прочитанных книг в принципе.,,https://www.livelib.ru/book/1006969033-priklyucheniya-toma-sojera-mark-tven,
Лютый Зверь,Джек Лондон,https://cv1.litres.ru/pub/c/elektronnaya-kniga/cover_330/66874813-dzhek-london-lutyy-zver-igra-dzhon-yachmennoe-zerno.jpg,Прочитано,"September 28, 2022 2:58 AM",Развлекательная литература,"Короткий, но интересный рассказ про боксера и его менеджера.",,https://www.litres.ru/dzhek-london/lutyy-zver-igra-dzhon-yachmennoe-zerno/,
"Как разговаривать с кем угодно, когда угодно и где угодно",Ларри Кинг,https://s1.livelib.ru/boocover/1002896237/200x305/2100/boocover.jpg,Прочитано,"October 2, 2022 5:58 AM",Книги по саморазвитию,"Краткая информация о том, как общаться с людьми",,https://www.livelib.ru/book/1002896237-kak-razgovarivat-s-kem-ugodno-kogda-ugodno-i-gde-ugodno-larri-king,
Доктор Живаго,Борис Пастернак,https://cv9.litres.ru/pub/c/elektronnaya-kniga/cover_415/134194-boris-pasternak-doktor-zhivago.jpg,В планах,"October 2, 2022 6:15 AM",Развлекательная литература,,,https://www.litres.ru/boris-pasternak/doktor-zhivago/,
Сердце хирурга,Федор Углов,https://cv9.litres.ru/pub/c/elektronnaya-kniga/cover_415/5000597-fedor-uglov-serdce-hirurga.jpg,В планах,"October 2, 2022 6:16 AM",Развлекательная литература,,,https://www.litres.ru/fedor-uglov/serdce-hirurga/,
Доброе утро каждый день: Как рано вставать и все успевать,Джефф Сандерс,https://cv3.litres.ru/pub/c/elektronnaya-kniga/cover_415/22181730-dzheff-sanders-dobroe-utro-kazhdyy-den-kak-rano-vstavat-i-vse-uspevat.jpg,Читаю,"October 2, 2022 6:18 AM",Книги по саморазвитию,,,https://www.litres.ru/dzheff-sanders/dobroe-utro-kazhdyy-den-kak-rano-vstavat-i-vse-uspevat/,
"Саммари книги «Кровь, пот и пиксели. Обратная сторона индустрии видеоигр. 2-е издание»",Алина Григорьева,https://cv5.litres.ru/pub/c/elektronnaya-kniga/cover_415/66908958-alina-grigoreva-sammari-knigi-krov-pot-i-pikseli-obratnaya-storona-industr.jpg,Прочитано,"October 2, 2022 6:23 AM",Развлекательная литература,Интересный взгляд на изнанку игровой индустрии на примере нескольких компаний/энтузиастов и их проектов + исторический экскурс.,,https://www.litres.ru/alina-grigoreva/sammari-knigi-krov-pot-i-pikseli-obratnaya-storona-industr/,
Эссенциализм. Путь к простоте,Грег МакКеон,https://cv6.litres.ru/pub/c/elektronnaya-kniga/cover_415/8653861-greg-makkeon-essencializm-put-k-prostote.jpg,В планах,"October 2, 2022 6:31 AM",Книги по саморазвитию,,,https://www.litres.ru/greg-makkeon/essencializm-put-k-prostote/,
Начинаем программировать на Python (5-е издание),Тони Гэддис,https://s1.livelib.ru/boocover/1005799210/200x305/c980/boocover.jpg,В планах,"October 2, 2022 6:47 AM",Книги для работы,,,https://www.livelib.ru/book/1005799210-nachinaem-programmirovat-na-python-toni-geddis,../%D0%A0%D0%B0%D0%B7%D0%BE%D0%B1%D1%80%D0%B0%D1%82%D1%8C%20b61dfa08fdee427ab56a1d539555a5f4/%D0%A2%D0%B0%D0%B1%D0%BB%D0%B8%D1%86%D0%B0%20%E2%80%9C%D0%A2%D0%B5%D0%BC%D1%8B%E2%80%9D%205261d8ac365a4baa890082f78175e751/Python%2056ea1d4987c94572bc191d10854812ef.csv
Современный скрапинг веб-сайтов с помощью Python. (2-е межд. издание),Митчелл Райан,https://cdn1.ozone.ru/s3/multimedia-q/wc1000/6278289422.jpg,В планах,"October 2, 2022 6:51 AM",Книги для работы,,,https://www.ozon.ru/product/sovremennyy-skraping-veb-saytov-s-pomoshchyu-python-2-e-mezhd-izdanie-mitchell-rayan-231255164/?sh=Se_XTvZl-Q,../%D0%A0%D0%B0%D0%B7%D0%BE%D0%B1%D1%80%D0%B0%D1%82%D1%8C%20b61dfa08fdee427ab56a1d539555a5f4/%D0%A2%D0%B0%D0%B1%D0%BB%D0%B8%D1%86%D0%B0%20%E2%80%9C%D0%A2%D0%B5%D0%BC%D1%8B%E2%80%9D%205261d8ac365a4baa890082f78175e751/Python%2056ea1d4987c94572bc191d10854812ef.csv
Новая большая книга CSS,Макфарланд Дэвид Сойер,https://cdn1.ozone.ru/multimedia/wc1000/1014337293.jpg,В планах,"October 2, 2022 6:51 AM",Книги для работы,,,https://www.ozon.ru/product/novaya-bolshaya-kniga-css-makfarland-devid-soyer-723248339/?asb=zwCHpshGnRzbjQ4XoS63lt2Z%252BLpqWYazl23dEQEenOM%253D&asb2=GfJzNlJwyRExjXgNLdV0xFJE7Nr-BcSLhptDFkc4BVDbukTbjBVkbsvZUEGuf9i6&keywords=%D0%9D%D0%BE%D0%B2%D0%B0%D1%8F+%D0%B1%D0%BE%D0%BB%D1%8C%D1%88%D0%B0%D1%8F+%D0%BA%D0%BD%D0%B8%D0%B3%D0%B0+CSS+%7C+%D0%9C%D0%B0%D0%BA%D1%84%D0%B0%D1%80%D0%BB%D0%B0%D0%BD%D0%B4+%D0%94%D1%8D%D0%B2%D0%B8%D0%B4+%D0%A1%D0%BE%D0%B9%D0%B5%D1%80&sh=Se_XTq2yGw,../%D0%A0%D0%B0%D0%B7%D0%BE%D0%B1%D1%80%D0%B0%D1%82%D1%8C%20b61dfa08fdee427ab56a1d539555a5f4/%D0%A2%D0%B0%D0%B1%D0%BB%D0%B8%D1%86%D0%B0%20%E2%80%9C%D0%A2%D0%B5%D0%BC%D1%8B%E2%80%9D%205261d8ac365a4baa890082f78175e751/HTML%20CSS%200156da8accb5451b8991d10bfb08505a.csv
Грокаем алгоритмы. Иллюстрированное пособие для программистов и любопытствующих,Адитья Бхаргава,https://cv8.litres.ru/pub/c/pdf-kniga/cover_415/39158380-aditya-bhargava-grokaem-algoritmy-illustrirovannoe-posobie-dlya-p-39158380.jpg,В планах,"October 2, 2022 6:54 AM",Книги для работы,,,https://www.litres.ru/aditya-bhargava/grokaem-algoritmy-illustrirovannoe-posobie-dlya-p-39158380/otzivi/,../%D0%A0%D0%B0%D0%B7%D0%BE%D0%B1%D1%80%D0%B0%D1%82%D1%8C%20b61dfa08fdee427ab56a1d539555a5f4/%D0%A2%D0%B0%D0%B1%D0%BB%D0%B8%D1%86%D0%B0%20%E2%80%9C%D0%A2%D0%B5%D0%BC%D1%8B%E2%80%9D%205261d8ac365a4baa890082f78175e751/Python%2056ea1d4987c94572bc191d10854812ef.csv
A Byte of Python,Swaroop C H,https://shultais.education/media/blog/books_reviews_covers/byte-of-python-cover.png,В планах,"October 2, 2022 6:58 AM",Книги для работы,,,http://wombat.org.ua/AByteOfPython/AByteofPythonRussian-2.02.pdf,../%D0%A0%D0%B0%D0%B7%D0%BE%D0%B1%D1%80%D0%B0%D1%82%D1%8C%20b61dfa08fdee427ab56a1d539555a5f4/%D0%A2%D0%B0%D0%B1%D0%BB%D0%B8%D1%86%D0%B0%20%E2%80%9C%D0%A2%D0%B5%D0%BC%D1%8B%E2%80%9D%205261d8ac365a4baa890082f78175e751/Python%2056ea1d4987c94572bc191d10854812ef.csv
Python для чайников,Джон Пол Мюллер,https://s1.livelib.ru/boocover/1004178955/200x305/ab91/boocover.jpg,В планах,"October 2, 2022 7:12 AM",Книги для работы,,,https://www.livelib.ru/book/1004178955-python-dlya-chajnikov-dzhon-pol-myuller,../%D0%A0%D0%B0%D0%B7%D0%BE%D0%B1%D1%80%D0%B0%D1%82%D1%8C%20b61dfa08fdee427ab56a1d539555a5f4/%D0%A2%D0%B0%D0%B1%D0%BB%D0%B8%D1%86%D0%B0%20%E2%80%9C%D0%A2%D0%B5%D0%BC%D1%8B%E2%80%9D%205261d8ac365a4baa890082f78175e751/Python%2056ea1d4987c94572bc191d10854812ef.csv
Python. Программирование для начинающих,Майк МакГрат,https://cv3.litres.ru/pub/c/pdf-kniga/cover_415/14108932-mayk-makgrat-python-programmirovanie-dlya-nachinauschih-14108932.jpg,В планах,"October 2, 2022 7:13 AM",Книги для работы,,,https://www.litres.ru/mayk-makgrat/python-programmirovanie-dlya-nachinauschih-14108932/otzivi/,../%D0%A0%D0%B0%D0%B7%D0%BE%D0%B1%D1%80%D0%B0%D1%82%D1%8C%20b61dfa08fdee427ab56a1d539555a5f4/%D0%A2%D0%B0%D0%B1%D0%BB%D0%B8%D1%86%D0%B0%20%E2%80%9C%D0%A2%D0%B5%D0%BC%D1%8B%E2%80%9D%205261d8ac365a4baa890082f78175e751/Python%2056ea1d4987c94572bc191d10854812ef.csv
Создаем нейронную сеть,Тарик Рашид,https://cv3.litres.ru/pub/c/pdf-kniga/cover_415/54815634-tarik-rashid-sozdaem-neyronnuu-set-54815634.jpg,В планах,"October 18, 2022 4:56 PM",Книги для работы,,,https://www.litres.ru/tarik-rashid/sozdaem-neyronnuu-set-54815634/,../%D0%A0%D0%B0%D0%B7%D0%BE%D0%B1%D1%80%D0%B0%D1%82%D1%8C%20b61dfa08fdee427ab56a1d539555a5f4/%D0%A2%D0%B0%D0%B1%D0%BB%D0%B8%D1%86%D0%B0%20%E2%80%9C%D0%A2%D0%B5%D0%BC%D1%8B%E2%80%9D%205261d8ac365a4baa890082f78175e751/Python%2056ea1d4987c94572bc191d10854812ef.csv
Can't Hurt Me: Master Your Mind and Defy the Odds,David Goggins,https://s1.livelib.ru/boocover/1003017904/200x305/7dc6/boocover.jpg,В планах,"November 11, 2022 4:19 PM",Книги по саморазвитию,,,https://www.livelib.ru/book/1003017904-cant-hurt-me-master-your-mind-and-defy-the-odds-david-goggins,
Атомные привычки. Как приобрести хорошие привычки и избавиться от плохих,Джеймс Клир,https://cv7.litres.ru/pub/c/elektronnaya-kniga/cover_415/48514275-dzheyms-klir-atomnye-privychki-kak-priobresti-horoshie-privychki-i-izbavit.jpg,В планах,"November 11, 2022 4:20 PM",Книги по саморазвитию,,,https://www.litres.ru/dzheyms-klir/atomnye-privychki-kak-priobresti-horoshie-privychki-i-izbavit/,
Как завоевывать друзей и оказывать влияние на людей,Дейл Карнеги,https://cv6.litres.ru/pub/c/elektronnaya-kniga/cover_415/10831668-deyl-karnegi-kak-zavoevyvat-druzey-i-okazyvat-vliyanie-na-ludey.jpg,В планах,"November 11, 2022 4:30 PM",Книги по саморазвитию,,,https://www.litres.ru/deyl-karnegi/kak-zavoevyvat-druzey-i-okazyvat-vliyanie-na-ludey/,
"Власть привычки. Почему мы живем и работаем именно так, а не иначе",Чарлз Дахигг,https://cv8.litres.ru/pub/c/elektronnaya-kniga/cover_415/23308080-charlz-dahigg-vlast-privychki-pochemu-my-zhivem-i-rabotaem-imenno-tak-a-ne.jpg,В планах,"November 11, 2022 4:33 PM",Книги по саморазвитию,,,https://www.litres.ru/charlz-dahigg/vlast-privychki-pochemu-my-zhivem-i-rabotaem-imenno-tak-a-ne/,
Лезвие бритвы,Иван Ефремов,https://cv8.litres.ru/pub/c/elektronnaya-kniga/cover_330/128089-ivan-efremov-lezvie-britvy.jpg,В планах,"November 15, 2022 12:33 PM",Книги по саморазвитию,,,https://www.litres.ru/ivan-efremov/lezvie-britvy/otzivi/,../%D0%A0%D0%B0%D0%B7%D0%BE%D0%B1%D1%80%D0%B0%D1%82%D1%8C%20b61dfa08fdee427ab56a1d539555a5f4/%D0%A2%D0%B0%D0%B1%D0%BB%D0%B8%D1%86%D0%B0%20%E2%80%9C%D0%A2%D0%B5%D0%BC%D1%8B%E2%80%9D%205261d8ac365a4baa890082f78175e751/%D0%A1%D0%B0%D0%BC%D0%BE%D1%80%D0%B0%D0%B7%D0%B2%D0%B8%D1%82%D0%B8%D0%B5%206cadef5a58174f3497fbfb97e62ca4c4.csv
"Сборник: НИ СЫ, НЕ НОЙ, НЕ ТУПИ, НИ ЗЯ!",Синсеро Джен,https://cdn1.ozone.ru/s3/multimedia-3/wc1000/6399710019.jpg,В планах,"November 17, 2022 11:58 AM",Книги по саморазвитию,,,https://www.ozon.ru/product/v-lyuboy-situatsii-ni-sy-ne-noy-i-ne-tupi-potomu-chto-ni-zya-komplekt-knig-kotorye-dayut-570337724/?sh=Se_XThfgwg,../%D0%A0%D0%B0%D0%B7%D0%BE%D0%B1%D1%80%D0%B0%D1%82%D1%8C%20b61dfa08fdee427ab56a1d539555a5f4/%D0%A2%D0%B0%D0%B1%D0%BB%D0%B8%D1%86%D0%B0%20%E2%80%9C%D0%A2%D0%B5%D0%BC%D1%8B%E2%80%9D%205261d8ac365a4baa890082f78175e751/%D0%A1%D0%B0%D0%BC%D0%BE%D1%80%D0%B0%D0%B7%D0%B2%D0%B8%D1%82%D0%B8%D0%B5%206cadef5a58174f3497fbfb97e62ca4c4.csv
Изучаем SQL,Линн Бейли,https://s1.livelib.ru/boocover/1000522762/200x305/23bf/boocover.jpg,В планах,"November 21, 2022 1:02 AM",Книги по саморазвитию,,,https://www.livelib.ru/book/1000522762-izuchaem-sql-linn-bejli,
Новые правила деловой переписки,Максим Ильяхов,https://cv1.litres.ru/pub/c/pdf-kniga/cover_415/36633614-ludmila-sarycheva-novye-pravila-delovoy-perepiski.jpg,В планах,"December 6, 2022 3:43 AM",Книги по саморазвитию,,,https://www.litres.ru/ludmila-sarycheva/novye-pravila-delovoy-perepiski/,
"Пиши, сокращай. Как создавать сильный текст","Максим Ильяхов, Людмила Сарычева",https://img-gorod.ru/25/579/2557931_detail.jpg,В планах,"December 6, 2022 3:48 AM",Книги по саморазвитию,"Авторы на конкретных примерах показывают, что такое хорошо и что такое плохо в информационных, рекламных, журналистских и публицистических текстах. Как писать письма, на которые будут отвечать, и рассылки, от которых не будут отписываться. Как создавать действенные и не вульгарные рекламные объявления. Как излагать мысли кратко, ясно и убедительно: без языкового мусора, фальши и штампов. Следуя рекомендациям в книге, вы научитесь писать понятно, увлекать читателей и добиваться доверия. Это обязательная книга для копирайтеров, авторов и редакторов, а также дизайнеров, программистов, менеджеров, предпринимателей, руководителей, служащих и всех, кто использует текст в работе.",,https://www.chitai-gorod.ru/catalog/book/938984/,
Цифровой минимализм,Кэл Ньюпорт,https://cv7.litres.ru/pub/c/elektronnaya-kniga/cover_415/44629374-kel-nuport-cifrovoy-minimalizm.jpg,В планах,"December 29, 2022 12:17 PM",Книги по саморазвитию,,,https://www.litres.ru/kel-nuport/cifrovoy-minimalizm/,
Minimalismo digital,Cal Newport,"https://m.media-amazon.com/images/I/31H114v57pS._SY498_BO1,204,203,200_.jpg",В планах,"December 29, 2022 12:19 PM",Книги по саморазвитию,Книга на английском,,https://www.amazon.com/Minimalismo-digital-Paperback-Cal-Newport/dp/6075690824,
Метавселенная. Как она меняет наш мир,Мэтью Болл,https://s1.livelib.ru/boocover/1008174910/200x305/b7d5/boocover.jpg,В планах,"January 29, 2023 5:46 AM",Развлекательная литература,,,https://www.livelib.ru/book/1008174910-metavselennaya-kak-ona-menyaet-nash-mir-metyu-boll,
API,Сергей Константинов,https://twirl.github.io/The-API-Book/assets/header.jpg,В планах,"February 2, 2023 1:49 AM",Книги для работы,,,https://twirl.github.io/The-API-Book/index.ru.html,../%D0%A0%D0%B0%D0%B7%D0%BE%D0%B1%D1%80%D0%B0%D1%82%D1%8C%20b61dfa08fdee427ab56a1d539555a5f4/%D0%A2%D0%B0%D0%B1%D0%BB%D0%B8%D1%86%D0%B0%20%E2%80%9C%D0%A2%D0%B5%D0%BC%D1%8B%E2%80%9D%205261d8ac365a4baa890082f78175e751/API%20366400e2799540a8bde5ae9cd2b79c94.csv