Разобрано,Наименование,Ссылка,Темы,Категория,Без разбора,Добавлено,Date [HIDE],"Связь ""Разобрать"""
Yes,Disco Elysium,,,Другое,,15.07.2021,"July 15, 2021 5:39 AM",
Yes,Сервис ведения заметок http://dynalist.io (простой),https://dynalist.io/d/t-8HAv9WHN9WnTGhrUEz1hrT,,Другое,,15.07.2021,"July 15, 2021 5:39 AM",
No,Basic SQL (DML) - Roadmap | доп ссылки в комментах,https://pikabu.ru/story/basic_sql_dml__roadmap_8099421,https://www.notion.so/SQL-ec12bd25c68747bab6c6d26f17fada09,Базы данных (SQL),596 дней,15.07.2021,"July 15, 2021 5:39 AM",
No,SQLite — не игрушка / Хабр,https://habr.com/ru/post/547448/,https://www.notion.so/SQL-ec12bd25c68747bab6c6d26f17fada09,Базы данных (SQL),596 дней,15.07.2021,"July 15, 2021 5:39 AM",
No,SQL за 20 минут,https://proglib.io/p/sql-for-20-minutes,https://www.notion.so/SQL-ec12bd25c68747bab6c6d26f17fada09,Базы данных (SQL),596 дней,15.07.2021,"July 15, 2021 5:39 AM",
No,5 сайтов для оттачивания навыков написания SQL-запросов,https://proglib.io/p/sql-practice-sites,https://www.notion.so/SQL-ec12bd25c68747bab6c6d26f17fada09,Базы данных (SQL),596 дней,15.07.2021,"July 15, 2021 5:39 AM",
No,Анти-вишлист,https://medium.com/@baluev/%D0%BF%D0%BB%D0%B0%D0%BD%D1%8B-%D0%BD%D0%B0-2018-%D0%B8%D0%BB%D0%B8-%D0%B0%D0%BD%D1%82%D0%B8-%D0%B2%D0%B8%D1%88%D0%BB%D0%B8%D1%81%D1%82-e226498f4a0e,,Другое,596 дней,15.07.2021,"July 15, 2021 5:39 AM",
No,Путеводитель по базам данных в 2021 г / Блог компании OTUS / Хабр,https://habr.com/ru/company/otus/blog/561100/,https://www.notion.so/SQL-ec12bd25c68747bab6c6d26f17fada09,Базы данных (SQL),596 дней,15.07.2021,"July 15, 2021 5:39 AM",
No,Темы для изучения по БД,https://studfile.net/preview/1113019/ https://lecturesdb.readthedocs.io/,https://www.notion.so/SQL-ec12bd25c68747bab6c6d26f17fada09,Базы данных (SQL),596 дней,15.07.2021,"July 15, 2021 5:39 AM",
No,"Журнал от яндекса, так же глянуть что за Medium",https://thecode.media/,,Другое,596 дней,15.07.2021,"July 15, 2021 5:39 AM",
No,Хороший сайт о программировании (разные языки),https://metanit.com/,,Программирование,596 дней,15.07.2021,"July 15, 2021 5:39 AM",
No,Различные курсы,https://intuit.ru/studies/courses/508/364/curriculums,,Другое,596 дней,15.07.2021,"July 15, 2021 5:39 AM",
No,Групповое тестирование 20 видеокарт в Half-Life: Alyx / Выбор видеокарты,https://3dnews.ru/1010227/gruppovoe-testirovanie-20-videokart-v-halflife-alyx,,Другое,596 дней,15.07.2021,"July 15, 2021 5:39 AM",
No,основные части обуви,,,Другое,596 дней,15.07.2021,"July 15, 2021 5:39 AM",
No,"Ролик про ""Обучение на проектах""",https://www.youtube.com/watch?time_continue=2&v=LMCZvGesRz8&feature=emb_title,https://www.notion.so/ae200d94ea88489f8e0a0675bbb363f5,Системный анализ,596 дней,15.07.2021,"July 15, 2021 5:39 AM",
No,Советы для Notion,https://www.notion.vip/insights/pro-tips/,,Другое,596 дней,15.07.2021,"July 15, 2021 5:39 AM",
No,Иконки (Добавить в закладки?),,,Другое,596 дней,15.07.2021,"July 15, 2021 5:39 AM",
No,https://dev.to/bholmesdev/giving-up-on-notion-to-build-a-second-brain-8b2,,,Другое,596 дней,15.07.2021,"July 15, 2021 5:39 AM",
No,Как я веду Zettelkasten в Notion уже год: стартовый набор и полезные трюки,https://habr.com/ru/post/509756/,,Другое,596 дней,15.07.2021,"July 15, 2021 5:39 AM",
No,Общий шлюзовый интерфейс (CGI),https://lectureswww.readthedocs.io/5.web.server/cgi.html http://www.4stud.info/web-programming/cgi.html,https://www.notion.so/ae200d94ea88489f8e0a0675bbb363f5,Системный анализ,596 дней,15.07.2021,"July 15, 2021 5:39 AM",
No,"Метод ведения заметок ""Цеттелькастен""",https://www.google.com/search?q=%D0%A6%D0%B5%D1%82%D1%82%D0%B5%D0%BB%D1%8C%D0%BA%D0%B0%D1%81%D1%82%D0%B5%D0%BD&oq=%D0%A6%D0%B5%D1%82%D1%82%D0%B5%D0%BB%D1%8C%D0%BA%D0%B0%D1%81%D1%82%D0%B5%D0%BD&aqs=chrome..69i57&sourceid=chrome&ie=UTF-8,,Другое,596 дней,15.07.2021,"July 15, 2021 5:39 AM",
No,"Цеттелькастен – ящик с карточками, который заставит ваш мозг работать",https://4brain.ru/blog/cettelkasten-jaschik-s-kartochkami-kotoryj-zastavit-vash-mozg-rabotat/,,Другое,596 дней,15.07.2021,"July 15, 2021 5:39 AM",
No,How to Build a Second Brain in Notion,,https://www.notion.so/6cadef5a58174f3497fbfb97e62ca4c4,Другое,596 дней,15.07.2021,"July 15, 2021 5:39 AM",
No,"Облачная платформа для персональной и совместной работы с информацией, развития социальных связей, поддержания отношений
и оказания услуг",https://www.info.torrow.net/,,Другое,596 дней,15.07.2021,"July 15, 2021 5:39 AM",
No,Разобраться в чем проблема с VR,,,Другое,596 дней,15.07.2021,"July 15, 2021 5:39 AM",
No,"как выбрать обувь, картинка",,,Другое,596 дней,15.07.2021,"July 15, 2021 5:39 AM",
No,the choice of life middle ages - Поиск в Google,https://www.google.com/search?q=the+choice+of+life+middle+ages&newwindow=1&sxsrf=ALeKk02H0F9eKjWkhBLU1hb7gP2wIzliXw%3A1617272934362&ei=ZqBlYMbBFe71qwHL7oCwBA&gs_ssp=eJzj4tVP1zc0zEpOSs8yKyw3YPSSK8lIVUjOyM9MTlXIT1PIyUxLVcjNTEnJSVVITE8tBgBrGw_G&oq=The+Choice+of+Life+&gs_lcp=Cgdnd3Mtd2l6EAEYADINCC4QsQMQgwEQQxCTAjIECAAQQzIECAAQQzIECAAQQzIECAAQQzIECAAQQzIECAAQQzIECAAQQzICCAAyAggAOgcIABBHELADUKguWKguYPE0aAFwAngAgAE6iAFxkgEBMpgBAKABAaoBB2d3cy13aXrIAQjAAQE&sclient=gws-wiz,,Другое,596 дней,15.07.2021,"July 15, 2021 5:39 AM",
No,Интересные игры,Player One: Лучшие современные игры для слабых ПК. https://games.mail.ru/pc/articles/feat/luchshie-sovremennye-igry-dlia-slabykh-pk/,,Другое,596 дней,15.07.2021,"July 15, 2021 5:39 AM",
No,"Легкий способ автоматизировать бизнес-процессы, о котором не знает Аллен Карр / Хабр",https://habr.com/ru/post/548544/,https://www.notion.so/ae200d94ea88489f8e0a0675bbb363f5,Системный анализ,596 дней,15.07.2021,"July 15, 2021 5:39 AM",
No,(!) Все про Obsidian,,https://www.notion.so/6cadef5a58174f3497fbfb97e62ca4c4,Другое,596 дней,15.07.2021,"July 15, 2021 5:39 AM",
No,DevTools для «чайников» / Хабр,https://habr.com/ru/post/548898/,,Программирование,596 дней,15.07.2021,"July 15, 2021 5:39 AM",
No,Анатомия кроссовка - Разное - Кроссовки.net,http://krossovki.net/content/view/271/,,Другое,596 дней,15.07.2021,"July 15, 2021 5:39 AM",
No,Personal knowledge management and sharing system,https://foambubble.github.io/foam/,https://www.notion.so/6cadef5a58174f3497fbfb97e62ca4c4,Другое,596 дней,15.07.2021,"July 15, 2021 5:39 AM",
No,Zettelkasten: как один немецкий учёный стал невероятно продуктивным / Хабр,https://habr.com/ru/post/508672/,,Другое,594 дней,17.07.2021,"July 17, 2021 6:11 AM",
No,Средиземноморская диета - Поиск в Google,https://www.google.com/search?q=%D1%81%D1%80%D0%B5%D0%B4%D0%B8%D0%B7%D0%B5%D0%BC%D0%BD%D0%BE%D0%BC%D0%BE%D1%80%D1%81%D0%BA%D0%B0%D1%8F+%D0%B4%D0%B8%D0%B5%D1%82%D0%B0&oq=%D1%81%D1%80%D0%B5%D0%B4%D0%B8%D0%B7%D0%B5%D0%BC%D0%BD%D0%BE&aqs=chrome.2.0i355i433j46i433j0i433j69i57j0.3069j0j9&client=ms-android-xiaomi&sourceid=chrome-mobile&ie=UTF-8,https://www.notion.so/c1b82701620f4b7c8cbcfcb70ff80b7c,Здоровье и спорт,594 дней,17.07.2021,"July 17, 2021 6:12 AM",
No,Интересный сервис для поиска программ (добавить в папку в Гугл),https://www.producthunt.com/posts/chilipepper?utm_source=badge-featured&utm_medium=badge&utm_souce=badge-chilipepper,,Другое,594 дней,17.07.2021,"July 17, 2021 6:43 AM",
No,"Как уснуть за 10, 60 или 120 секунд - Лайфхакер",https://lifehacker.ru/kak-usnut-za-10-60-ili-120-sekund/,https://www.notion.so/c1b82701620f4b7c8cbcfcb70ff80b7c,Другое,592 дней,19.07.2021,"July 19, 2021 4:08 AM",
No,Проактивность в работе и в жизни | HURMA,https://hurma.work/rf/blog/proaktivnost-v-rabote-i-v-zhizni-2/,,Другое,592 дней,19.07.2021,"July 19, 2021 4:08 AM",
No,The Lifting Technique 21S,https://www.menshealth.com/fitness/a19534417/the-lifting-technique-that-will-make-your-biceps-look-like-baseballs/,https://www.notion.so/9fba84f297d342349cfd476f17ae83eb,Здоровье и спорт,565 дней,15.08.2021,"August 15, 2021 3:32 AM",
No,Создание своего VPN (Бесплатно),,,VPN,565 дней,15.08.2021,"August 15, 2021 3:34 AM",
No,Обучение стойке на руках,https://youtube.com/shorts/WpEh8649PSk?feature=share,https://www.notion.so/9fba84f297d342349cfd476f17ae83eb,Здоровье и спорт,533 дней,16.09.2021,"September 16, 2021 5:18 AM",
No,Техническое собеседование для бизнес-аналитиков уровня Junior | IT-Academy,https://www.it-academy.by/media/stati/tekhnicheskoe-sobesedovanie-dlya-biznes-analitikov-urovnya-junior/,https://www.notion.so/ae200d94ea88489f8e0a0675bbb363f5,Системный анализ,530 дней,19.09.2021,"September 19, 2021 6:33 PM",
No,The Best Spotify Workout Playlists,https://www.complex.com/music/the-best-spotify-workout-playlists/,,Другое,530 дней,19.09.2021,"September 19, 2021 6:34 PM",
No,Что такое артефакт в разработке ПО? — Хабр Q&A,https://qna.habr.com/q/174615,https://www.notion.so/ae200d94ea88489f8e0a0675bbb363f5,Системный анализ,530 дней,19.09.2021,"September 19, 2021 6:35 PM",
No,SQL Academy: учебник и онлайн тренажер c упражнениями по SQL,https://sql-academy.org/ru,https://www.notion.so/SQL-ec12bd25c68747bab6c6d26f17fada09,Базы данных (SQL),529 дней,20.09.2021,"September 20, 2021 3:29 AM",
No,Как подготовиться к собеседованию на позицию системного аналитика. ТОП-5 тем / Блог компании Команда Госуслуг / Хабр,https://habr.com/ru/company/rtlabs/blog/569922/,https://www.notion.so/ae200d94ea88489f8e0a0675bbb363f5,Системный анализ,529 дней,20.09.2021,"September 20, 2021 3:30 AM",
No,Нефункциональные требования,,https://www.notion.so/ae200d94ea88489f8e0a0675bbb363f5,Системный анализ,529 дней,20.09.2021,"September 20, 2021 3:38 AM",
No,Бизнес и системный анализ для архитекторов - YouTube,https://www.youtube.com/playlist,https://www.notion.so/ae200d94ea88489f8e0a0675bbb363f5,Системный анализ,528 дней,21.09.2021,"September 21, 2021 3:26 AM",
No,10 советов для написания хороших пользовательских историй / Блог компании OTUS / Хабр,https://habr.com/ru/company/otus/blog/546518/,https://www.notion.so/ae200d94ea88489f8e0a0675bbb363f5,Системный анализ,528 дней,21.09.2021,"September 21, 2021 3:26 AM",
No,"SQL (DDL, DML, DCL, TCL)",http://paveldev.blogspot.com/2012/07/sql-ddl-dml-dcl-tcl.html,https://www.notion.so/SQL-ec12bd25c68747bab6c6d26f17fada09,Базы данных (SQL),528 дней,21.09.2021,"September 21, 2021 7:11 AM",
No,Проектирование интеграционных решений,https://www.luxoft-training.ru/kurs/proektirovanie_integratsionnyh_resheniy.html,https://www.notion.so/ae200d94ea88489f8e0a0675bbb363f5,Системный анализ,528 дней,21.09.2021,"September 21, 2021 7:12 AM",
No,What is CRM?,https://www.oracle.com/cx/what-is-crm/,https://www.notion.so/ae200d94ea88489f8e0a0675bbb363f5,Системный анализ,525 дней,24.09.2021,"September 24, 2021 1:56 PM",
No,Решенные тесты на разные темы,https://eljob.ru/,,Другое,525 дней,24.09.2021,"September 24, 2021 2:00 PM",
No,Все что касается управления личными знаниями (!),https://github.com/brettkromkamp/awesome-knowledge-management#related-awesome-lists,,Другое,525 дней,24.09.2021,"September 24, 2021 2:01 PM",
No,(!) Замена текста при наборе,https://espanso.org/,,Другое,520 дней,29.09.2021,"September 29, 2021 9:48 AM",
No,(!) Почитать книгу Карл И. Вигерс и Джой Битти - Разработка требований к программному обеспечению.,,https://www.notion.so/ae200d94ea88489f8e0a0675bbb363f5,Системный анализ,519 дней,30.09.2021,"September 30, 2021 6:36 AM",
No,dbeaver,,https://www.notion.so/SQL-ec12bd25c68747bab6c6d26f17fada09,Базы данных (SQL),515 дней,04.10.2021,"October 4, 2021 10:54 AM",
No,"Как делать нужные функции и понимать потребности пользователей (понимать что нужно пользователю, а не то, что он просит)",https://vc.ru/dev/300391-razrabotchiki-zhaluyutsya-chto-vypuskayut-nenuzhnye-polzovatelyam-funkcii-chashche-vsego-po-ih-zhe-prosbam,https://www.notion.so/ae200d94ea88489f8e0a0675bbb363f5,Системный анализ,506 дней,13.10.2021,"October 13, 2021 3:04 AM",
No,"Полезные материалы для изучения английского, физики и т.п. (см. комментарии)",https://pikabu.ru/story/kogda_popyitalsya_ispravit_provalyi_v_obrazovanii_7911071,,Здоровье и спорт,200 дней,15.08.2022,"August 15, 2022 2:31 PM",
No,Про спортивное питание и почему оно не нужно,https://pikabu.ru/story/pochemu_tebe_ne_nuzhen_protein_v_poroshke_vsaa_i_voobshche_sportivnoe_pitanie_v_printsipe_4447509,https://www.notion.so/c1b82701620f4b7c8cbcfcb70ff80b7c,Здоровье и спорт,200 дней,15.08.2022,"August 15, 2022 2:32 PM",
No,Комплекс упражнений от Сандова (см. комментарии),https://pikabu.ru/story/evgeniy_sandov_ili_zaymis_soboy__yeto_prosto_4394169,,Здоровье и спорт,200 дней,15.08.2022,"August 15, 2022 2:33 PM",
No,28 лучших подарков айтишнику на Новый год,https://vc.ru/life/191081-28-luchshih-podarkov-aytishniku-na-novyy-god,,Другое,198 дней,17.08.2022,"August 17, 2022 3:20 PM",
No,Связи между таблицами базы данных,https://habr.com/ru/post/488054/,https://www.notion.so/SQL-ec12bd25c68747bab6c6d26f17fada09,Базы данных (SQL),197 дней,18.08.2022,"August 18, 2022 2:56 AM",
No,Общие мысли про программирование,http://ermak.cs.nstu.ru/cprog/HTML/index.htm,,Программирование,197 дней,18.08.2022,"August 18, 2022 2:57 AM",
No,"Безопасный CSS, или как писать универсальные стили",https://habr.com/ru/post/648537/,https://www.notion.so/HTML-CSS-0156da8accb5451b8991d10bfb08505a,HTML/CSS,197 дней,18.08.2022,"August 18, 2022 2:58 AM",
No,Комплекс упражнений от Сандова (+ см. в комментариях обсуждения,https://pikabu.ru/story/evgeniy_sandov_ili_zaymis_soboy__yeto_prosto_4394169,https://www.notion.so/9fba84f297d342349cfd476f17ae83eb,Здоровье и спорт,185 дней,30.08.2022,"August 30, 2022 5:37 AM",
No,"Интервальные повторения (Spaced repetition), Метод обучения Фейнмана, Digital Health",,,Другое,162 дней,22.09.2022,"September 22, 2022 1:12 PM",
No,Много информации про Low-Code и бизнес-анализ,https://wiki.loginom.ru/articles/low-code.html,https://www.notion.so/ae200d94ea88489f8e0a0675bbb363f5,Системный анализ,162 дней,22.09.2022,"September 22, 2022 1:13 PM",
No,"Принципы: Кошелек Миллера, принцип kiss, юритва Оккама и другие принципы",https://www.stijit.com/engineering/dry-kiss-solid-yagni.html,,Другое,162 дней,22.09.2022,"September 22, 2022 1:16 PM",
No,nomnoml — Текст в диаграммы,https://nomnoml.com/,,Сервисы,162 дней,22.09.2022,"September 22, 2022 1:17 PM",
No,Много финансовых терминов,https://vc.ru/finance/303377-kak-mozhno-zarabotat-40-na-nelikvidnyh-akciyah-za-den,,Финансы,162 дней,22.09.2022,"September 22, 2022 1:17 PM",
No,График для акций,https://www.tinkoff.ru/invest/social/profile/OstanInvest/50c63ef7-1426-4ae0-9f60-f94c12d990a2/?utm_source=share,,Финансы,162 дней,22.09.2022,"September 22, 2022 1:18 PM",
No,Платформа для изучения кода leetcode и аналоги для sql,,,Программирование,162 дней,22.09.2022,"September 22, 2022 1:18 PM",
No,Генерализация и другие логические операции?,,https://www.notion.so/ae200d94ea88489f8e0a0675bbb363f5,Системный анализ,162 дней,22.09.2022,"September 22, 2022 1:19 PM",
No,"Термины: Авторизация, аутентификация, верификация, валидация?",,https://www.notion.so/ae200d94ea88489f8e0a0675bbb363f5,Системный анализ,162 дней,22.09.2022,"September 22, 2022 1:19 PM",
No,Кортекс и экзокортекс,https://habr.com/ru/post/538836/,https://www.notion.so/6cadef5a58174f3497fbfb97e62ca4c4,Другое,162 дней,22.09.2022,"September 22, 2022 1:19 PM",
No,"Изучить er-диаграмму, уровни нормализации бд",,https://www.notion.so/SQL-ec12bd25c68747bab6c6d26f17fada09,Базы данных (SQL),162 дней,22.09.2022,"September 22, 2022 1:20 PM",
No,Регулирование рынка,,,Финансы,162 дней,22.09.2022,"September 22, 2022 1:22 PM",
No,"Финансовые термины: эмитент, лот, вывел депо, коррекция, окно раз в 3 года, после обвала, ETF, лоси, быки, медведи, свечной график, флоатеры и линкеры, синие фишки, скринер акций, маржин-колл",,,Финансы,162 дней,22.09.2022,"September 22, 2022 1:22 PM",
No,Почему падают акции при росте выручки?,https://bcs-express.ru/novosti-i-analitika/u-amd-novye-kvartal-nyi-rekord-vyruchki-pochemu-aktsii-padaiut,,Финансы,162 дней,22.09.2022,"September 22, 2022 1:25 PM",
No,"Сериалы: Artificial Detective (Искусственный детектив), Learning With Pibby, Киберслав",,,Другое,162 дней,22.09.2022,"September 22, 2022 1:32 PM",
No,Финансы — Вариант защиты денег от инфляции,,,Финансы,162 дней,22.09.2022,"September 22, 2022 1:41 PM",
No,Финансы — Как начать инвестировать: Инструкция для начинающих,https://vc.ru/finance/315934-kak-nachat-investirovat-instrukciya-dlya-nachinayushchih,,Финансы,162 дней,22.09.2022,"September 22, 2022 1:42 PM",
No,"Налоговый вычет (спортзал, индивидуальный инвестиционный счет, стоматология и т.д.)",,,Другое,162 дней,22.09.2022,"September 22, 2022 1:43 PM",
No,Финансы — Почему лучше покупать акции?,https://www.tinkoff.ru/invest/social/profile/30letniy_pensioner/ce019a42-42f1-4685-800d-bd44133d7024/?utm_source=share,,Финансы,162 дней,22.09.2022,"September 22, 2022 1:44 PM",
No,Аналитика и управление проектом — Оценка трудозатрат,,https://www.notion.so/ae200d94ea88489f8e0a0675bbb363f5,Системный анализ,162 дней,22.09.2022,"September 22, 2022 1:45 PM",
No,"Термин ""wildcard” — метод описания поискового запроса с использованием метасимволов",,https://www.notion.so/ae200d94ea88489f8e0a0675bbb363f5,Системный анализ,162 дней,22.09.2022,"September 22, 2022 1:48 PM",
No,Тинькофф Инвестиции — Информация о брокерском счете,,,Финансы,162 дней,22.09.2022,"September 22, 2022 1:48 PM",
No,Когда стоит покупать акции (личные наблюдения),,,Финансы,162 дней,22.09.2022,"September 22, 2022 1:50 PM",
No,"Статья — Как я пришел в мир инвестиций и осознал, что вряд ли его покину",https://journal.tinkoff.ru/a-kak-invest-uvlechenno/,,Финансы,162 дней,22.09.2022,"September 22, 2022 1:50 PM",
No,"Статья — REST, что же ты такое? Понятное введение в технологию для ИТ-аналитиков",https://habr.com/ru/post/590679/,https://www.notion.so/API-366400e2799540a8bde5ae9cd2b79c94,Интеграции (API),162 дней,22.09.2022,"September 22, 2022 1:51 PM",
No,Статья — Моделирование и визуализация при анализе и проектировании ИТ систем,https://habr.com/ru/company/accenture/blog/547136/,https://www.notion.so/ae200d94ea88489f8e0a0675bbb363f5,Системный анализ,162 дней,22.09.2022,"September 22, 2022 1:51 PM",
No,О роли системного аналитика и шаблон для проектирования,https://habr.com/ru/company/moysklad/blog/542576/,https://www.notion.so/ae200d94ea88489f8e0a0675bbb363f5,Системный анализ,162 дней,22.09.2022,"September 22, 2022 1:52 PM",
No,Почитать книги по работе,,https://www.notion.so/ae200d94ea88489f8e0a0675bbb363f5,Системный анализ,162 дней,22.09.2022,"September 22, 2022 1:52 PM",
No,"Очень много информации про анализ, тестирование т.п. (Хороший сайт!)",https://mellarius.ru/analysis,https://www.notion.so/ae200d94ea88489f8e0a0675bbb363f5,Системный анализ,162 дней,22.09.2022,"September 22, 2022 1:57 PM",
No,Национальный открытый университет. Много курсов и полезных знаний. (Хороший сайт!),https://intuit.ru/,https://www.notion.so/ae200d94ea88489f8e0a0675bbb363f5,Системный анализ,162 дней,22.09.2022,"September 22, 2022 1:59 PM",
No,Что такое тестирование. Курс молодого бойца. Книга для новичков,https://habr.com/ru/post/597859/,https://www.notion.so/ae200d94ea88489f8e0a0675bbb363f5,Системный анализ,162 дней,22.09.2022,"September 22, 2022 2:00 PM",
No,Основы программирования и анализа данных на Python - 10. Библиотека Pandas,https://www.youtube.com/watch?v=p7aIGcYKtK0,https://www.notion.so/ae200d94ea88489f8e0a0675bbb363f5,Системный анализ,162 дней,22.09.2022,"September 22, 2022 2:04 PM",
No,Лучшие тренды веб-дизайна и UI на 2022 год,https://habr.com/ru/post/597989/,,Дизайн,162 дней,22.09.2022,"September 22, 2022 2:04 PM",
No,Notion Enhancer — Набор улучшений для Notion,https://notion-enhancer.github.io/,,Сервисы,162 дней,22.09.2022,"September 22, 2022 2:05 PM",
No,Если решили позаботиться о своих деньгах: самые читаемые тексты о личных финансах на vc.ru,https://vc.ru/finance/329186-esli-reshili-pozabotitsya-o-svoih-dengah-samye-chitaemye-teksty-o-lichnyh-finansah-na-vc-ru-za-2021-god,,Финансы,162 дней,22.09.2022,"September 22, 2022 2:08 PM",
No,Как вести бюджет и не тратить время,https://journal.tinkoff.ru/uchet/,,Финансы,162 дней,22.09.2022,"September 22, 2022 2:08 PM",
No,Курс “Как работают биржевые фонды”,https://www.tinkoff.ru/invest/education/courses/8c21ad78-d872-411b-aed4-fa560601fb08,,Финансы,162 дней,22.09.2022,"September 22, 2022 2:09 PM",
No,Как устроена фондовая биржа?,https://fincult.info/article/kak-ustroena-fondovaya-birzha/,,Финансы,162 дней,22.09.2022,"September 22, 2022 2:09 PM",
No,Список мировых бирж,https://ffin.ru/market/directory/stocks/,,Финансы,162 дней,22.09.2022,"September 22, 2022 2:10 PM",
No,"15 игр, которые прокачивают логику, алгоритмы, ассемблер и силу земли",https://habr.com/ru/company/timeweb/blog/599835/,,Игры,162 дней,22.09.2022,"September 22, 2022 2:10 PM",
No,"Ещё 20+ игр, которые прокачивают логику, алгоритмы и радуют умный мозг [по следам комментариев на Habr]",https://habr.com/ru/company/timeweb/blog/645593/,,Игры,162 дней,22.09.2022,"September 22, 2022 2:11 PM",
No,Как живет жена айтишника в Екатеринбурге с доходом семьи 500 000 ₽,https://journal.tinkoff.ru/diary-it-zhena-ekb/,,Другое,162 дней,22.09.2022,"September 22, 2022 2:16 PM",
No,Записки невесты программиста,https://www.exler.ru/archive/wife.htm,,Другое,162 дней,22.09.2022,"September 22, 2022 2:16 PM",
No,Как ИТ-специалисту развить коммуникативные навыки. 20+ полезных материалов,https://vc.ru/hr/367462-kak-it-specialistu-razvit-kommunikativnye-navyki-20-poleznyh-materialov,https://www.notion.so/ae200d94ea88489f8e0a0675bbb363f5,Системный анализ,162 дней,22.09.2022,"September 22, 2022 2:17 PM",
No,Финансы — Что такое “Ключевая ставка ЦБРФ” и её влияние? + Ролик от Топлес’а,https://youtu.be/Df-zqF8D6Ow,,Финансы,162 дней,22.09.2022,"September 22, 2022 2:21 PM",
No,Примитивная установка Outline VPN,https://vc.ru/office/378972-primitivnaya-ustanovka-outline-vpn-sidya-v-tualete?comments,,VPN,162 дней,22.09.2022,"September 22, 2022 2:22 PM",
No,Как устроены облачные сети и чем они отличаются от On-premise,https://habr.com/ru/company/vk/blog/656797/,https://www.notion.so/ae200d94ea88489f8e0a0675bbb363f5,Системный анализ,162 дней,22.09.2022,"September 22, 2022 2:35 PM",
No,Видео — Калистеника,https://youtube.com/shorts/hIpAkKcpmrU?feature=share,https://www.notion.so/9fba84f297d342349cfd476f17ae83eb,Здоровье и спорт,162 дней,22.09.2022,"September 22, 2022 2:37 PM",
No,Figma — Компоненты,,https://www.notion.so/ae200d94ea88489f8e0a0675bbb363f5,Дизайн,162 дней,22.09.2022,"September 22, 2022 2:37 PM",
No,Notion Icons — Большой набор иконок для Notion,https://notionicons.website/,,Сервисы,162 дней,22.09.2022,"September 22, 2022 2:42 PM",
No,С чего начинается разработка программного обеспечения?,https://habr.com/ru/post/662848/,https://www.notion.so/ae200d94ea88489f8e0a0675bbb363f5,Системный анализ,162 дней,22.09.2022,"September 22, 2022 2:51 PM",
No,"О чем вы даже не подозреваете, решая стать программистом",https://habr.com/ru/company/hexlet/blog/663388/,,Другое,162 дней,22.09.2022,"September 22, 2022 2:53 PM",
No,"https://www.flowlauncher.com/ — Лаунчер для запуска программ, поддерживает плагины, поиск в Notion и Obsidian",https://www.flowlauncher.com/,,Сервисы,162 дней,22.09.2022,"September 22, 2022 3:05 PM",
No,Что такое MOC (Mental Squeeze Points)?,,https://www.notion.so/6cadef5a58174f3497fbfb97e62ca4c4,Другое,162 дней,22.09.2022,"September 22, 2022 3:07 PM",
No,Как заказывать на Aliexpress компьютерные комплектующие,https://dtf.ru/howto/1196217-kak-zakazyvat-na-aliexpress-kompyuternye-komplektuyushchie,,Другое,162 дней,22.09.2022,"September 22, 2022 3:19 PM",
No,Лучшие Проекты Для Начинающих Python-Разработчиков,https://habr.com/ru/post/670980/,https://www.notion.so/Python-56ea1d4987c94572bc191d10854812ef,Программирование,162 дней,22.09.2022,"September 22, 2022 3:20 PM",
No,Как правильно отжиматься,https://youtube.com/shorts/ba8tr1NzwXU?feature=share,https://www.notion.so/9fba84f297d342349cfd476f17ae83eb,Здоровье и спорт,162 дней,22.09.2022,"September 22, 2022 3:20 PM",
No,Тест технических навыков в Яндексе,https://www.ixbt.com/news/2022/06/22/kakoj-vy-itspecialist-takaja-proverka-ranshe-byla-dostupna-tolko-na-sobesedovanii-jandeksa.html,https://www.notion.so/ae200d94ea88489f8e0a0675bbb363f5,Системный анализ,162 дней,22.09.2022,"September 22, 2022 3:22 PM",
No,Что такое ORM (Object-Relational Mapping)?,https://simpleone.ru/glossary/orm/,https://www.notion.so/ae200d94ea88489f8e0a0675bbb363f5,Системный анализ,162 дней,22.09.2022,"September 22, 2022 3:23 PM",
No,Учимся анализировать — полный цикл,https://habr.com/ru/post/674720/,https://www.notion.so/ae200d94ea88489f8e0a0675bbb363f5,Системный анализ,162 дней,22.09.2022,"September 22, 2022 3:28 PM",
No,Книга Python — Чистый код для продолжающих,https://habr.com/ru/company/piter/blog/673652/,https://www.notion.so/Python-56ea1d4987c94572bc191d10854812ef,Программирование,162 дней,22.09.2022,"September 22, 2022 3:28 PM",
No,Фронтенд-разработка: ключевые технологии и понятия,https://habr.com/ru/company/otus/blog/674748/,https://www.notion.so/ae200d94ea88489f8e0a0675bbb363f5,Системный анализ,162 дней,22.09.2022,"September 22, 2022 3:29 PM",
No,F-строки в Python,https://habr.com/ru/company/wunderfund/blog/674866/,https://www.notion.so/Python-56ea1d4987c94572bc191d10854812ef,Программирование,162 дней,22.09.2022,"September 22, 2022 3:30 PM",
No,Assert. Что это?,https://habr.com/ru/post/141080/,,Программирование,162 дней,22.09.2022,"September 22, 2022 3:31 PM",
No,Кто такой фулстек-аналитик в IT и как им стать? Отдельно почитать про опросник используемый в начале проекта. (Хорошая статья с кучей примеров!),https://rb.ru/opinion/fullstack-analyst/,https://www.notion.so/ae200d94ea88489f8e0a0675bbb363f5,Системный анализ,162 дней,22.09.2022,"September 22, 2022 3:34 PM",
No,Как правильно заниматься спортом,https://journal.tinkoff.ru/list/sports-myths/,https://www.notion.so/9fba84f297d342349cfd476f17ae83eb,Здоровье и спорт,162 дней,22.09.2022,"September 22, 2022 3:35 PM",
No,РАБОТА - ОБЩИЕ ЗАПИСИ - РАЗОБРАТЬ!,,https://www.notion.so/ae200d94ea88489f8e0a0675bbb363f5,,159 дней,25.09.2022,"September 25, 2022 6:24 AM",
No,Обзор лучших книг по Python для новичков в 2021 году,https://shultais.education/blog/best-python-books-for-beginners,https://www.notion.so/Python-56ea1d4987c94572bc191d10854812ef,Программирование,152 дней,02.10.2022,"October 2, 2022 7:08 AM",
No,f-строки в Python 3 - применение и производительность,https://shultais.education/blog/python-f-strings,https://www.notion.so/Python-56ea1d4987c94572bc191d10854812ef,Программирование,152 дней,02.10.2022,"October 2, 2022 7:08 AM",
No,Как меняются собеседования с IT-специалистами и какие самые частые ошибки в их найме / Хабр,https://habr.com/ru/post/676996/,https://www.notion.so/Python-56ea1d4987c94572bc191d10854812ef,,152 дней,02.10.2022,"October 2, 2022 8:09 AM",
No,Сколько детей заводят россияне,https://journal.tinkoff.ru/one-two-three-stat/,,,152 дней,02.10.2022,"October 2, 2022 8:09 AM",
No,How to Learn JavaScript Faster – Tips and Resources to Get Started Coding JS,https://www.freecodecamp.org/news/how-to-learn-javascript-faster,,,152 дней,02.10.2022,"October 2, 2022 8:10 AM",
No,Создаем модуль для Telegram bot api на Python,https://habr.com/ru/post/677456/,https://www.notion.so/Python-56ea1d4987c94572bc191d10854812ef,,152 дней,02.10.2022,"October 2, 2022 8:11 AM",
No,The Smallest CSS,https://www.robinrendle.com/notes/the-smallest-css/,https://www.notion.so/HTML-CSS-0156da8accb5451b8991d10bfb08505a,HTML/CSS,152 дней,02.10.2022,"October 2, 2022 8:17 AM",
No,7 способов лучше понимать потребности пользователей и доносить их до команды разработки,https://habr.com/ru/company/infowatch/blog/678138/,https://www.notion.so/ae200d94ea88489f8e0a0675bbb363f5,,152 дней,02.10.2022,"October 2, 2022 9:08 AM",
No,Что такое Hibernate?,,,Программирование,145 дней,09.10.2022,"October 9, 2022 12:21 PM",
No,Что такое Javarush?,,,Программирование,145 дней,09.10.2022,"October 9, 2022 12:22 PM",
No,При изучении языка смотреть “Типовой проект на x языке программирования”,,,,145 дней,09.10.2022,"October 9, 2022 12:22 PM",
No,"What are (parentheses), [brackets], {curly brackets}, <>, and decimals? : unstable_diffusion",https://www.reddit.com/r/unstable_diffusion/comments/ykrifx/what_are_parentheses_brackets_curly_brackets_and/,https://www.notion.so/Stable-Diffusion-1826c5402bdd451081c322e09681b21a,,114 дней,09.11.2022,"November 9, 2022 3:39 PM",
No,Пример workflow,https://www.reddit.com/r/unstable_diffusion/comments/yobh9n/ready_for_hell/?utm_source=share&utm_medium=android_app&utm_name=androidcss&utm_term=14&utm_content=share_button,https://www.notion.so/Stable-Diffusion-1826c5402bdd451081c322e09681b21a,,114 дней,09.11.2022,"November 9, 2022 3:42 PM",
No,Хороший пример workflow,https://www.reddit.com/r/StableDiffusion/comments/yog3c2/my_workflow/?utm_source=share&utm_medium=android_app&utm_name=androidcss&utm_term=14&utm_content=share_button,https://www.notion.so/Stable-Diffusion-1826c5402bdd451081c322e09681b21a,,114 дней,09.11.2022,"November 9, 2022 3:44 PM",
No,Explain the procedure to draw a picture as desired with 'Stable Diffusion' from a simple sketch - GIGAZINE,https://gigazine.net/gsc_news/en/20220831-stable-diffusion-how-to-draw/,https://www.notion.so/Stable-Diffusion-1826c5402bdd451081c322e09681b21a,,114 дней,09.11.2022,"November 9, 2022 3:46 PM",
No,How to Draw Anything in SD,https://andys.page/posts/how-to-draw/,https://www.notion.so/Stable-Diffusion-1826c5402bdd451081c322e09681b21a,,114 дней,09.11.2022,"November 9, 2022 3:47 PM",
No,"Telegram бот, отправляющий задачи в Notion",https://amorev.ru/telegram-notion-integration/,https://www.notion.so/Python-56ea1d4987c94572bc191d10854812ef,,114 дней,09.11.2022,"November 9, 2022 3:50 PM",
No,Stable diffusion GUI,https://www.reddit.com/r/StableDiffusion/comments/yql810/update_170_of_my_windows_sd_gui_is_out_supports/?utm_source=share&utm_medium=android_app&utm_name=androidcss&utm_term=2&utm_content=share_button,https://www.notion.so/Stable-Diffusion-1826c5402bdd451081c322e09681b21a,,113 дней,10.11.2022,"November 10, 2022 12:32 AM",
No,Пример запроса SD,https://www.reddit.com/r/WaifuDiffusion/comments/yrw7lp/succubi_sisters/?utm_source=share&utm_medium=android_app&utm_name=androidcss&utm_term=2&utm_content=share_button,https://www.notion.so/Stable-Diffusion-1826c5402bdd451081c322e09681b21a,,112 дней,11.11.2022,"November 11, 2022 3:18 AM",
No,Пример запроса SD,https://www.reddit.com/r/WaifuDiffusion/comments/yrw7lp/succubi_sisters/?utm_source=share&utm_medium=android_app&utm_name=androidcss&utm_term=2&utm_content=share_button,https://www.notion.so/Stable-Diffusion-1826c5402bdd451081c322e09681b21a,,112 дней,11.11.2022,"November 11, 2022 3:18 AM",
No,Сайт для поиска Dreambooth моделей,https://www.reddit.com/r/StableDiffusion/comments/yrp2l8/we_made_a_tool_to_find_all_the_dreambooth_models/?utm_source=share&utm_medium=android_app&utm_name=androidcss&utm_term=2&utm_content=share_button,https://www.notion.so/Stable-Diffusion-1826c5402bdd451081c322e09681b21a,,112 дней,11.11.2022,"November 11, 2022 3:22 AM",
No,Сообщество Steam :: Группа :: Fallout - Fate of Wanderer,https://steamcommunity.com/groups/el-mods,https://www.notion.so/PC-VR-bfdea4077448421fa7dfd14d57e853a7,,112 дней,11.11.2022,"November 11, 2022 5:19 PM",
No,Мотивы саморазвития | Neural Hack,https://neuralhack.wordpress.com/2020/11/15/self-development-motives/,https://www.notion.so/6cadef5a58174f3497fbfb97e62ca4c4,,106 дней,17.11.2022,"November 17, 2022 12:01 PM",
No,Книги для мотивации и саморазвития | Neural Hack,https://neuralhack.wordpress.com/2020/06/14/books-for-motivation-and-self-development/,https://www.notion.so/6cadef5a58174f3497fbfb97e62ca4c4,,106 дней,17.11.2022,"November 17, 2022 12:01 PM",
No,Компетентность саморазвития | Neural Hack,https://neuralhack.wordpress.com/2021/01/05/self-development-competence/,https://www.notion.so/6cadef5a58174f3497fbfb97e62ca4c4,,106 дней,17.11.2022,"November 17, 2022 12:01 PM",
No,Генетическое развитие когнитивных навыков | Neural Hack,https://neuralhack.wordpress.com/2021/01/12/genetic-development-of-cognitive-skills/,https://www.notion.so/6cadef5a58174f3497fbfb97e62ca4c4,,106 дней,17.11.2022,"November 17, 2022 12:01 PM",
No,Умное саморазвитие | Neural Hack,https://neuralhack.wordpress.com/2020/11/05/smart-self-development/,https://www.notion.so/6cadef5a58174f3497fbfb97e62ca4c4,,106 дней,17.11.2022,"November 17, 2022 12:02 PM",
No,Структура саморазвития | Neural Hack,https://neuralhack.wordpress.com/2020/12/25/self-development-structure/,https://www.notion.so/6cadef5a58174f3497fbfb97e62ca4c4,,106 дней,17.11.2022,"November 17, 2022 12:02 PM",